Name_;First Name;Last Name
Burrow, Joe;Joe;Burrow
Jones, Daniel;Daniel;Jones
Prescott, Dak;Dak;Prescott
Jones, Mac;Mac;Jones
Pickett, Kenny;Kenny;Pickett
Purdy, Brock;Brock;Purdy
Trubisky, Mitch;Mitch;Trubisky
White, Mike;Mike;White
Huntley, Tyler;Tyler;Huntley
Zappe, Bailey;Bailey;Zappe
Walker, PJ;PJ;Walker
Minshew II, Gardner;Gardner;Minshew II
Ridder, Desmond;Desmond;Ridder
Willis, Malik;Malik;Willis
Thompson, Skylar;Skylar;Thompson
Howell, Sam;Sam;Howell
Perkins, Bryce;Bryce;Perkins
Love, Jordan;Jordan;Love
Brown, Anthony;Anthony;Brown
Trask, Kyle;Kyle;Trask
Johnson, Josh;Josh;Johnson
Corral, Matt;Matt;Corral
Cheek, Davis;Davis;Cheek
Henne, Chad;Chad;Henne
Prescott, Dak;Dak;Prescott
Burrow, Joe;Joe;Burrow
Jones, Mac;Mac;Jones
Jones, Daniel;Daniel;Jones
Huntley, Tyler;Tyler;Huntley
White, Mike;Mike;White
Johnson, Josh;Josh;Johnson
Minshew II, Gardner;Gardner;Minshew II
Love, Jordan;Jordan;Love
Walker, PJ;PJ;Walker
Trubisky, Mitch;Mitch;Trubisky
Gilbert, Garrett;Garrett;Gilbert
Henne, Chad;Chad;Henne
Benkert, Kurt;Kurt;Benkert
Rosen, Josh;Josh;Rosen
Jones, Daniel;Daniel;Jones
Burrow, Joe;Joe;Burrow
Minshew II, Gardner;Gardner;Minshew II
Trubisky, Mitch;Mitch;Trubisky
Prescott, Dak;Dak;Prescott
Smith, Alex;Alex;Smith
Henne, Chad;Chad;Henne
Gilbert, Garrett;Garrett;Gilbert
Walker, PJ;PJ;Walker
Griffin III, Robert;Robert;Griffin III
Huntley, Tyler;Tyler;Huntley
Stevens, Tommy;Tommy;Stevens
McCarron, AJ;AJ;McCarron
Lovett, John;John;Lovett
Webb III, Joe;Joe;Webb III
White, Mike;Mike;White
Prescott, Dak;Dak;Prescott
Minshew II, Gardner;Gardner;Minshew II
Jones, Daniel;Daniel;Jones
Trubisky, Mitch;Mitch;Trubisky
Moore, Matt;Matt;Moore
Rosen, Josh;Josh;Rosen
Griffin III, Robert;Robert;Griffin III
McCarron, AJ;AJ;McCarron
McCown, Josh;Josh;McCown
Griffin, Ryan;Ryan;Griffin
Franklin, James;James;Franklin
Smith, Alex;Alex;Smith
Henne, Chad;Chad;Henne
Webb III, Joe;Joe;Webb III
Gilbert, Garrett;Garrett;Gilbert
Prescott, Dak;Dak;Prescott
Trubisky, Mitch;Mitch;Trubisky
Smith, Alex;Alex;Smith
Rosen, Josh;Josh;Rosen
Johnson, Josh;Josh;Johnson
McCown, Josh;Josh;McCown
Webb III, Joe;Joe;Webb III
Gilbert, Garrett;Garrett;Gilbert
Henne, Chad;Chad;Henne
Griffin III, Robert;Robert;Griffin III
McCarron, AJ;AJ;McCarron
Sloter, Kyle;Kyle;Sloter
Smith, Alex;Alex;Smith
Prescott, Dak;Dak;Prescott
McCown, Josh;Josh;McCown
Trubisky, Mitch;Mitch;Trubisky
Moore, Matt;Matt;Moore
Webb III, Joe;Joe;Webb III
McCarron, AJ;AJ;McCarron
Henne, Chad;Chad;Henne
Prescott, Dak;Dak;Prescott
Smith, Alex;Alex;Smith
Griffin III, Robert;Robert;Griffin III
Moore, Matt;Matt;Moore
McCown, Josh;Josh;McCown
Webb III, Joe;Joe;Webb III
McCarron, AJ;AJ;McCarron
Henne, Chad;Chad;Henne
Smith, Alex;Alex;Smith
McCown, Josh;Josh;McCown
McCarron, AJ;AJ;McCarron
Moore, Matt;Matt;Moore
Webb III, Joe;Joe;Webb III
Smith, Alex;Alex;Smith
McCown, Josh;Josh;McCown
Griffin III, Robert;Robert;Griffin III
Henne, Chad;Chad;Henne
Webb III, Joe;Joe;Webb III
Moore, Matt;Matt;Moore
Smith, Alex;Alex;Smith
Griffin III, Robert;Robert;Griffin III
Henne, Chad;Chad;Henne
McCown, Josh;Josh;McCown
Webb III, Joe;Joe;Webb III
Johnson, Josh;Josh;Johnson
Moore, Matt;Matt;Moore
