Player,Pos,Team,Num,Height,Weight,DOB
"Abanikanda, Israel",RB,NYJ,25,"5'11""",215 lbs,10/5/02
"Abdullah, Ameer",RB,LV,22,"5'9""",203 lbs,6/13/93
"Abdullah, Yasir",LB,JAC,56,"6'1""",234 lbs,4/12/00
"Achane, Devon",RB,MIA,28,"5'9""",188 lbs,10/13/01
"Adams, Davante",WR,LV,17,"6'1""",215 lbs,12/24/92
"Adams, Jamal",S,SEA,33,"6'1""",213 lbs,10/17/95
"Adams, Matthew",LB,CLE,40,"6'0""",230 lbs,12/12/95
"Adams, Montravius",DT,PIT,57,"6'4""",304 lbs,7/24/95
"Adams, Myles",DT,SEA,95,"6'2""",290 lbs,3/9/98
"Adams, Tony",S,NYJ,22,"6'0""",205 lbs,1/24/99
"Addison, Jordan",WR,MIN,3,"5'11""",175 lbs,1/27/02
"Adebawore, Adetomiwa",DE,IND,95,"6'2""",282 lbs,3/4/01
"Adebo, Paulson",CB,NO,29,"6'1""",192 lbs,7/3/99
"Adkins, Nate",TE,DEN,45,"6'3""",252 lbs,7/9/99
"Adomitis, Cal",LS,CIN,48,"6'2""",238 lbs,7/9/98
"Agholor, Nelson",WR,BAL,15,"6'0""",200 lbs,5/24/93
"Agnew, Jamal",WR,JAC,39,"5'10""",190 lbs,4/3/95
"Ahmed, Salvon",RB,MIA,26,"5'11""",197 lbs,12/29/98
"Aiyuk, Brandon",WR,SF,11,"6'0""",200 lbs,3/17/98
"Akers, Cam",RB,LAR,3,"5'10""",217 lbs,6/22/99
"Akins, Jordan",TE,CLE,84,"6'4""",245 lbs,4/19/92
"Alexander, Jaire",CB,GB,23,"5'10""",196 lbs,2/9/97
"Alexander, Kwon",LB,PIT,54,"6'1""",227 lbs,8/3/94
"Alford, Dee",CB,ATL,20,"5'11""",175 lbs,11/5/97
"Ali, Josh",WR,ATL,80,"6'0""",200 lbs,3/3/99
"Alie-Cox, Mo",TE,IND,81,"6'5""",267 lbs,9/19/93
"Allegretti, Nick",G,KC,73,"6'4""",310 lbs,4/21/96
"Allen, Brandon",QB,SF,17,"6'2""",209 lbs,9/5/92
"Allen, Brian",OL,LAR,55,"6'2""",303 lbs,10/11/95
"Allen, Davis",TE,LAR,87,"6'6""",245 lbs,2/3/01
"Allen, Jonathan",DT,WAS,93,"6'3""",300 lbs,1/16/95
"Allen, Josh",QB,BUF,17,"6'5""",237 lbs,5/21/96
"Allen, Josh",LB,JAC,41,"6'5""",255 lbs,7/13/97
"Allen, Keenan",WR,LAC,13,"6'2""",211 lbs,4/27/92
"Allen, Kyle",QB,BUF,9,"6'3""",210 lbs,3/8/96
"Allen, Zach",DE,DEN,99,"6'5""",285 lbs,8/20/97
"Allgeier, Tyler",RB,ATL,25,"5'11""",220 lbs,4/15/00
"Al-Shaair, Azeez",LB,TEN,2,"6'2""",228 lbs,8/4/97
"Amadi, Ugo",S,NO,0,"5'9""",201 lbs,5/17/97
"Amos, Adrian",S,NYJ,0,"6'0""",218 lbs,4/29/93
"Anae, Bradlee",DL,NYJ,50,"6'3""",260 lbs,1/17/98
"Anchrum Jr., Tremayne",OL,LAR,72,"6'2""",314 lbs,6/24/98
"Andersen, Troy",LB,ATL,44,"6'4""",235 lbs,4/23/99
"Anderson, Abdullah",DL,WAS,92,"6'4""",295 lbs,1/24/96
"Anderson, Alec",OT,BUF,70,"6'5""",305 lbs,10/3/99
"Anderson, Calvin",OL,NE,76,"6'5""",305 lbs,3/25/96
"Anderson, Henry",DE,CAR,94,"6'6""",300 lbs,8/3/91
"Anderson, Spencer",OL,PIT,74,"6'5""",305 lbs,6/7/00
"Anderson, Tycen",S,CIN,26,"6'2""",209 lbs,6/13/99
"Anderson, Zayne",S,GB,39,"6'2""",206 lbs,1/3/97
"Anderson Jr., Will",DE,HOU,51,"6'4""",243 lbs,9/2/01
"Andrews, David",C,NE,60,"6'3""",300 lbs,7/10/92
"Andrews, Jake",C,NE,67,"6'3""",308 lbs,11/11/99
"Andrews, Mark",TE,BAL,89,"6'5""",247 lbs,9/6/95
"Anger, Bryan",P,DAL,5,"6'3""",202 lbs,10/6/88
"Anudike-Uzomah, Felix",DE,KC,97,"6'4""",255 lbs,1/24/02
"Anzalone, Alex",LB,DET,34,"6'3""",238 lbs,9/22/94
"Apke, Troy",CB,WAS,30,"6'1""",205 lbs,4/11/95
"Apple, Eli",CB,MIA,33,"6'1""",203 lbs,8/9/95
"Armour-Davis, Jalyn",CB,BAL,5,"6'1""",197 lbs,9/3/99
"Armstead, Arik",DL,SF,91,"6'7""",290 lbs,11/15/93
"Armstead, Terron",OT,MIA,72,"6'5""",305 lbs,7/23/91
"Armstrong, Dorance",DE,DAL,92,"6'4""",255 lbs,6/10/97
"Arnold, Grayland",S,HOU,25,"5'10""",187 lbs,9/4/97
"Asamoah II, Brian",LB,MIN,33,"6'0""",226 lbs,3/29/00
"Atwell, Tutu",WR,LAR,5,"5'9""",165 lbs,10/7/99
"Aubrey, Brandon",K,DAL,17,"6'3""",208 lbs,3/14/95
"Aumavae-Laulu, Malaesala",G,BAL,71,"6'5""",325 lbs,5/25/99
"Austin, Alex",CB,HOU,27,"6'1""",191 lbs,5/22/01
"Austin III, Calvin",WR,PIT,19,"5'9""",162 lbs,3/24/99
"Autry, Denico",DL,TEN,96,"6'5""",285 lbs,7/15/90
"Avery, Genard",DE,IND,92,"6'0""",250 lbs,4/26/95
"Avery, Tre",CB,TEN,23,"5'11""",181 lbs,2/26/97
"Avila, Esteban",G,LAR,73,"6'3""",332 lbs,10/16/99
"Awuzie, Chidobe",CB,CIN,22,"6'0""",202 lbs,5/24/95
"Bachie, Joe",LB,CIN,49,"6'2""",235 lbs,2/26/98
"Bada, David",DT,WAS,64,"6'4""",293 lbs,4/24/95
"Bagent, Tyson",QB,CHI,17,"6'3""",213 lbs,6/8/00
"Bailey, Jake",P,MIA,16,"6'2""",214 lbs,6/18/97
"Bailey, Markus",LB,CIN,51,"6'1""",235 lbs,3/7/97
"Bailey, Quinn",OT,DEN,75,"6'6""",323 lbs,10/18/95
"Baker, Budda",S,ARI,3,"5'10""",195 lbs,1/10/96
"Baker, Jerome",LB,MIA,55,"6'2""",225 lbs,12/25/96
"Baker Jr., Darrell",CB,IND,39,"6'1""",190 lbs,3/27/98
"Bakhtiari, David",OT,GB,69,"6'4""",310 lbs,9/30/91
"Ball, Josh",OT,DAL,75,"6'8""",304 lbs,5/15/98
"Banks, Aaron",OL,SF,65,"6'5""",325 lbs,9/3/97
"Banks, Deonte",CB,NYG,25,"6'2""",205 lbs,3/3/01
"Baringer, Bryce",P,NE,17,"6'3""",215 lbs,4/26/99
"Barkley, Saquon",RB,NYG,26,"6'0""",232 lbs,2/9/97
"Barmore, Christian",DL,NE,90,"6'5""",315 lbs,7/28/99
"Barnes, Derrick",LB,DET,55,"6'0""",240 lbs,5/29/99
"Barnes, Krys",LB,ARI,51,"6'2""",229 lbs,4/2/98
"Barnes, Zaire",LB,NYJ,53,"6'1""",232 lbs,9/3/99
"Barnett, Derek",DE,PHI,96,"6'3""",259 lbs,6/25/96
"Barno, Amare",LB,CAR,90,"6'6""",245 lbs,4/26/99
"Barrett, Shaquil",LB,TB,7,"6'2""",250 lbs,11/17/92
"Bartch, Ben",OL,JAC,78,"6'6""",315 lbs,7/22/98
"Barton, Cody",LB,WAS,57,"6'2""",237 lbs,11/13/96
"Basham, Boogie",DE,NYG,45,"6'3""",274 lbs,12/16/97
"Bass, T.J.",G,DAL,66,"6'4""",325 lbs,3/31/99
"Bass, Tyler",K,BUF,2,"5'10""",183 lbs,2/14/97
"Bassey, Essang",CB,DEN,21,"5'10""",190 lbs,8/12/98
"Bateman, Rashod",WR,BAL,7,"6'1""",197 lbs,11/29/99
"Bates, John",TE,WAS,87,"6'6""",259 lbs,11/6/97
"Bates, Ryan",G,BUF,71,"6'4""",302 lbs,2/14/97
"Bates III, Jessie",S,ATL,3,"6'1""",200 lbs,2/26/97
"Battle, Jordan",S,CIN,27,"6'1""",210 lbs,12/14/00
"Baun, Zack",LB,NO,53,"6'3""",225 lbs,12/30/96
"Bawden, Nick",FB,NYJ,48,"6'2""",245 lbs,6/22/96
"Beachum, Kelvin",OL,ARI,68,"6'3""",308 lbs,6/8/89
"Beal Jr., Robert",DL,SF,55,"6'4""",250 lbs,8/18/99
"Beathard, C.J.",QB,JAC,3,"6'2""",215 lbs,11/16/93
"Beck, Andrew",FB,HOU,47,"6'3""",255 lbs,5/15/96
"Beckham Jr., Odell",WR,BAL,3,"5'11""",200 lbs,11/5/92
"Becton, Mekhi",OT,NYJ,77,"6'7""",363 lbs,4/18/99
"Bell, Blake",TE,KC,81,"6'6""",252 lbs,8/7/91
"Bell, D'Anthony",S,CLE,37,"6'1""",211 lbs,10/17/96
"Bell, David",WR,CLE,18,"6'1""",212 lbs,12/14/00
"Bell, Markquese",S,DAL,14,"6'3""",205 lbs,1/6/99
"Bell, Ronnie",WR,SF,10,"6'0""",190 lbs,1/28/00
"Bell, Vonn",S,CAR,24,"5'11""",205 lbs,12/12/94
"Bellinger, Daniel",TE,NYG,82,"6'5""",253 lbs,9/22/00
"Bellore, Nick",LB,SEA,44,"6'1""",250 lbs,5/12/89
"Belton, Dane",S,NYG,24,"6'1""",205 lbs,12/7/00
"Benford, Christian",CB,BUF,47,"6'1""",205 lbs,9/21/00
"Benjamin, Eno",RB,NO,26,"5'9""",207 lbs,4/13/99
"Bennett, Jakorian",CB,LV,0,"5'11""",195 lbs,8/23/00
"Bennett, Stetson",QB,LAR,13,"5'11""",190 lbs,10/28/97
"Bentley, Ja'Whaun",LB,NE,8,"6'2""",250 lbs,8/24/96
"Benton, Keeanu",DL,PIT,95,"6'4""",309 lbs,7/17/01
"Bergeron, Matthew",OL,ATL,65,"6'5""",323 lbs,2/26/00
"Bernard, Terrel",LB,BUF,43,"6'1""",224 lbs,5/7/99
"Bernard-Converse, Jarrick",S,NYJ,29,"6'1""",197 lbs,4/29/00
"Berrios, Braxton",WR,MIA,0,"5'9""",185 lbs,10/6/95
"Bethel, Justin",CB,MIA,20,"6'0""",195 lbs,6/17/90
"Biadasz, Tyler",C,DAL,63,"6'3""",316 lbs,11/20/97
"Bigsby, Tank",RB,JAC,4,"6'0""",213 lbs,8/30/01
"Billings, Andrew",DL,CHI,97,"6'1""",311 lbs,3/6/95
"Bitonio, Joel",G,CLE,75,"6'4""",320 lbs,10/11/91
"Blackmon, Julian",S,IND,32,"6'0""",202 lbs,8/24/98
"Blackmon, Mekhi",CB,MIN,5,"5'11""",178 lbs,3/18/99
"Blackshear, Raheem",RB,CAR,3,"5'9""",190 lbs,6/5/98
"Blackson, Angelo",DT,JAC,90,"6'4""",305 lbs,11/14/92
"Blackwell, Josh",DB,CHI,39,"5'11""",180 lbs,4/5/99
"Bland, DaRon",CB,DAL,26,"6'0""",197 lbs,7/12/99
"Blankenship, Reed",S,PHI,32,"6'1""",203 lbs,3/2/99
"Blasingame, Khari",FB,CHI,35,"6'0""",233 lbs,7/1/96
"Board, Chris",LB,NE,45,"6'2""",244 lbs,7/23/95
"Bobenmoyer, Jacob",LS,LV,50,"6'2""",235 lbs,5/28/97
"Bobo, Jake",WR,SEA,19,"6'4""",207 lbs,8/4/98
"Bojorquez, Corey",P,CLE,13,"6'0""",217 lbs,9/13/96
"Bolden, Brandon",RB,LV,34,"5'11""",220 lbs,1/26/90
"Bolden, Isaiah",CB,NE,7,"6'2""",205 lbs,12/16/99
"Bolles, Garett",OT,DEN,72,"6'5""",300 lbs,5/27/92
"Bolton, Curtis",LB,LV,36,"6'0""",228 lbs,12/18/95
"Bolton, Nick",LB,KC,32,"5'11""",237 lbs,3/10/00
"Bonitto, Nik",LB,DEN,42,"6'3""",240 lbs,9/26/99
"Boone, Mike",RB,HOU,22,"5'10""",206 lbs,6/30/95
"Booth Jr., Andrew",CB,MIN,23,"6'0""",194 lbs,9/28/00
"Borom, Larry",OL,CHI,75,"6'5""",333 lbs,3/30/99
"Bosa, Joey",LB,LAC,97,"6'5""",280 lbs,7/11/95
"Bosa, Nick",DL,SF,97,"6'4""",266 lbs,10/23/97
"Boswell, Chris",K,PIT,9,"6'2""",185 lbs,3/16/91
"Bourne, Kendrick",WR,NE,84,"6'1""",205 lbs,8/4/95
"Boutte, Kayshon",WR,NE,80,"6'0""",197 lbs,5/7/02
"Bowden Jr., Lynn",WR,NO,84,"6'1""",204 lbs,10/14/97
"Bowser, Tyus",LB,BAL,54,"6'3""",250 lbs,5/23/95
"Boyd, Kris",CB,ARI,29,"5'11""",195 lbs,9/12/96
"Boyd, Tyler",WR,CIN,83,"6'2""",203 lbs,11/15/94
"Boykin, Miles",WR,PIT,13,"6'4""",220 lbs,10/12/96
"Bozeman, Bradley",C,CAR,56,"6'5""",325 lbs,11/24/94
"Bradberry, James",CB,PHI,24,"6'1""",210 lbs,8/4/93
"Bradbury, Garrett",C,MIN,56,"6'3""",300 lbs,6/20/95
"Bradford, Anthony",G,SEA,70,"6'5""",332 lbs,4/28/01
"Bradley, Shaun",LB,PHI,54,"6'1""",240 lbs,4/8/97
"Branch, Brian",DB,DET,32,"6'0""",203 lbs,10/22/01
"Brandel, Blake",OT,MIN,64,"6'7""",315 lbs,1/23/97
"Braswell, Christian",CB,JAC,21,"5'10""",181 lbs,9/27/99
"Bredeson, Ben",G,NYG,68,"6'5""",315 lbs,2/20/98
"Breida, Matt",RB,NYG,31,"5'10""",190 lbs,2/28/95
"Brendel, Jake",OL,SF,64,"6'4""",299 lbs,9/10/92
"Brents, JuJu",CB,IND,29,"6'3""",198 lbs,1/18/00
"Bresee, Bryan",DT,NO,90,"6'5""",305 lbs,10/6/01
"Brewer, Aaron",G,TEN,55,"6'1""",274 lbs,10/28/97
"Brewer, Aaron",LS,ARI,46,"6'5""",232 lbs,7/5/90
"Bridgewater, Teddy",QB,DET,10,"6'2""",212 lbs,11/10/92
"Brightwell, Gary",RB,NYG,23,"6'1""",218 lbs,2/28/98
"Brisker, Jaquan",DB,CHI,9,"6'1""",200 lbs,4/20/99
"Brissett, Jacoby",QB,WAS,12,"6'4""",235 lbs,12/11/92
"Britt, K.J.",LB,TB,52,"6'0""",235 lbs,6/4/99
"Broeker, Nick",G,HOU,64,"6'4""",305 lbs,10/7/00
"Brooks, Christopher",RB,MIA,35,"6'1""",223 lbs,1/11/00
"Brooks, Curtis",DT,WAS,68,"6'2""",287 lbs,2/6/98
"Brooks, Jalen",WR,DAL,83,"6'2""",205 lbs,5/7/00
"Brooks, Jordyn",LB,SEA,56,"6'0""",240 lbs,10/21/97
"Brooks, Karl",DL,GB,94,"6'3""",296 lbs,5/8/00
"Brown, A.J.",WR,PHI,11,"6'1""",226 lbs,6/30/97
"Brown, Ben",C,SEA,76,"6'5""",312 lbs,5/19/98
"Brown, Brittain",RB,LV,38,"6'1""",205 lbs,10/10/97
"Brown, Cam",LB,NYG,47,"6'5""",233 lbs,4/1/98
"Brown, Chase",HB,CIN,30,"5'10""",211 lbs,3/21/00
"Brown, Derrick",DT,CAR,95,"6'5""",320 lbs,4/15/98
"Brown, Duane",OT,NYJ,76,"6'4""",329 lbs,8/30/85
"Brown, Dyami",WR,WAS,2,"6'0""",195 lbs,11/1/99
"Brown, Evan",C,SEA,63,"6'2""",320 lbs,9/16/96
"Brown, Ji'ayir",S,SF,27,"5'11""",202 lbs,1/25/00
"Brown, Marquise",WR,ARI,2,"5'9""",180 lbs,6/4/97
"Brown, Mike",S,TEN,44,"6'1""",222 lbs,4/7/99
"Brown, Montaric",CB,JAC,30,"6'0""",190 lbs,8/24/99
"Brown, Noah",WR,HOU,85,"6'2""",215 lbs,1/6/96
"Brown, Pharaoh",TE,NE,86,"6'5""",246 lbs,5/4/94
"Brown, Shakel",DT,TEN,91,"6'3""",295 lbs,12/4/98
"Brown, Spencer",OT,BUF,79,"6'8""",311 lbs,2/28/98
"Brown, Sydney",S,PHI,21,"5'10""",211 lbs,3/21/00
"Brown, Tony",CB,IND,38,"6'0""",199 lbs,7/13/95
"Brown, Tre",CB,SEA,22,"5'10""",185 lbs,9/24/97
"Brown, Trent",OL,NE,77,"6'8""",370 lbs,4/13/93
"Brown III, Bobby",NT,LAR,95,"6'4""",324 lbs,8/7/00
"Brown IV, Earnest",DE,LAR,90,"6'5""",270 lbs,1/8/99
"Brown Jr., Orlando",OT,CIN,75,"6'8""",345 lbs,5/2/96
"Browning, Baron",LB,DEN,56,"6'3""",240 lbs,2/19/99
"Browning, Jake",QB,CIN,6,"6'2""",209 lbs,4/11/96
"Brownlee, Jason",WR,NYJ,16,"6'2""",198 lbs,1/30/99
"Brunskill, Daniel",OL,TEN,60,"6'5""",300 lbs,1/27/94
"Bryan, Taven",DT,IND,96,"6'4""",291 lbs,3/11/96
"Bryant, Coby",CB,SEA,8,"6'1""",193 lbs,3/29/99
"Bryant, Harrison",TE,CLE,88,"6'5""",230 lbs,4/23/98
"Bryant, Myles",DB,NE,27,"5'9""",192 lbs,1/2/98
"Buckner, DeForest",DT,IND,99,"6'7""",295 lbs,3/17/94
"Buggs, Isaiah",DL,DET,96,"6'3""",335 lbs,8/24/96
"Bullard, Jonathan",DL,MIN,90,"6'3""",290 lbs,10/22/93
"Burford, Spencer",OL,SF,74,"6'4""",300 lbs,7/19/00
"Burks, Oren",LB,SF,48,"6'3""",233 lbs,3/21/95
"Burks, Treylon",WR,TEN,16,"6'2""",225 lbs,3/22/00
"Burney, Amari",LB,LV,56,"6'2""",228 lbs,6/19/00
"Burns, Brian",LB,CAR,0,"6'5""",250 lbs,4/23/98
"Burrow, Joe",QB,CIN,9,"6'4""",215 lbs,12/10/96
"Burton, Michael",FB,DEN,20,"6'0""",247 lbs,2/1/92
"Bush, Devin",LB,SEA,0,"5'11""",234 lbs,7/18/98
"Bushman, Matt",TE,KC,89,"6'5""",245 lbs,11/3/95
"Butker, Harrison",K,KC,7,"6'4""",199 lbs,7/14/95
"Butler, Adam",DT,LV,69,"6'5""",300 lbs,4/12/94
"Butler, Darien",LB,LV,58,"6'0""",225 lbs,3/2/00
"Butler, Percy",S,WAS,35,"6'0""",191 lbs,5/29/00
"Byard, Kevin",S,TEN,31,"5'11""",212 lbs,8/17/93
"Bynum, Camryn",S,MIN,24,"6'0""",200 lbs,7/19/98
"Cabinda, Jason",FB,DET,45,"6'1""",235 lbs,3/17/96
"Cager, Lawrence",TE,NYG,83,"6'5""",220 lbs,8/20/97
"Calcaterra, Grant",TE,PHI,81,"6'4""",240 lbs,12/4/98
"Caliendo, Mike",OL,KC,66,"6'4""",301 lbs,10/21/97
"Camarda, Jake",P,TB,5,"6'1""",193 lbs,4/20/99
"Campbell, Calais",DL,ATL,93,"6'8""",282 lbs,9/1/86
"Campbell, De'Vondre",LB,GB,59,"6'4""",232 lbs,7/3/93
"Campbell, Elijah",DB,MIA,22,"5'11""",200 lbs,8/24/95
"Campbell, Jack",LB,DET,46,"6'5""",243 lbs,8/22/00
"Campbell, Parris",WR,NYG,0,"6'0""",208 lbs,7/16/97
"Campbell, Tyson",CB,JAC,32,"6'1""",195 lbs,3/17/00
"Cappa, Alex",G,CIN,65,"6'6""",310 lbs,1/27/95
"Cardona, Joe",LS,NE,49,"6'3""",245 lbs,4/16/92
"Carlson, Anders",K,GB,17,"6'5""",219 lbs,6/16/98
"Carlson, Daniel",K,LV,2,"6'5""",215 lbs,1/23/95
"Carman, Jackson",OT,CIN,79,"6'5""",322 lbs,1/22/00
"Carr, Derek",QB,NO,4,"6'3""",215 lbs,3/28/91
"Carter, DeAndre",WR,LV,3,"5'8""",190 lbs,4/10/93
"Carter, Jalen",DT,PHI,98,"6'3""",314 lbs,4/4/01
"Carter, Ja'Tyre",OL,CHI,69,"6'3""",311 lbs,1/15/99
"Carter, Lorenzo",LB,ATL,0,"6'5""",252 lbs,12/10/95
"Carter, Michael",RB,NYJ,32,"5'8""",201 lbs,5/7/99
"Carter, Zach",DT,CIN,95,"6'4""",290 lbs,4/7/99
"Carter II, Andre",LB,MIN,55,"6'6""",256 lbs,6/2/00
"Carter II, Michael",CB,NYJ,30,"5'10""",184 lbs,3/8/99
"Cashman, Blake",LB,HOU,53,"6'1""",237 lbs,5/10/96
"Chaisson, K'Lavon",LB,JAC,45,"6'3""",245 lbs,7/25/99
"Chandler, Ty",RB,MIN,32,"5'11""",204 lbs,5/12/98
"Charbonnet, Zach",RB,SEA,26,"6'1""",214 lbs,1/8/01
"Chark Jr., DJ",WR,CAR,17,"6'3""",200 lbs,9/23/96
"Charles, Irvin",WR,NYJ,19,"6'4""",219 lbs,4/13/97
"Charles, Saahdiq",G,WAS,77,"6'4""",322 lbs,7/26/99
"Chase, Ja'Marr",WR,CIN,1,"6'0""",201 lbs,3/1/00
"Cheeseman, Camaron",LS,WAS,54,"6'4""",237 lbs,4/26/98
"Chenal, Leo",LB,KC,54,"6'3""",250 lbs,10/26/00
"Cherelus, Claudin",LB,CAR,53,"6'2""",230 lbs,2/9/99
"Chestnut, Julius",RB,TEN,36,"5'11""",228 lbs,10/26/00
"Chinn, Jeremy",S,CAR,21,"6'3""",220 lbs,2/26/98
"Christensen, Brady",G,CAR,70,"6'6""",300 lbs,9/27/96
"Chubb, Bradley",LB,MIA,2,"6'4""",268 lbs,6/24/96
"Chubb, Nick",RB,CLE,24,"5'11""",227 lbs,12/27/95
"Cine, Lewis",S,MIN,6,"6'2""",199 lbs,10/5/99
"Cisco, Andre",S,JAC,5,"6'0""",210 lbs,3/23/00
"Clapp, Will",C,LAC,76,"6'5""",311 lbs,12/10/95
"Clark, Chuck",S,NYJ,23,"6'0""",210 lbs,4/19/95
"Clark, Damone",LB,DAL,33,"6'3""",240 lbs,6/28/00
"Clark, Frank",LB,DEN,55,"6'3""",272 lbs,6/14/93
"Clark, Kei'Trel",CB,ARI,13,"5'10""",181 lbs,3/19/01
"Clark, Kenny",DL,GB,97,"6'3""",314 lbs,10/4/95
"Claybrooks, Chris",CB,JAC,6,"5'9""",180 lbs,7/17/97
"Claypool, Chase",WR,CHI,10,"6'4""",238 lbs,7/7/98
"Clemons, Micheal",DL,NYJ,72,"6'5""",270 lbs,8/21/97
"Cleveland, Ben",G,BAL,66,"6'6""",370 lbs,8/25/98
"Cleveland, Ezra",G,MIN,72,"6'6""",312 lbs,5/8/98
"Clifford, Sean",QB,GB,8,"6'2""",218 lbs,7/14/98
"Clowney, Jadeveon",LB,BAL,24,"6'5""",266 lbs,2/14/93
"Cobb, Randall",WR,NYJ,18,"5'10""",192 lbs,8/22/90
"Coburn, Keondre",DT,KC,99,"6'2""",332 lbs,5/23/00
"Cochran, Devin",OT,CIN,76,"6'7""",310 lbs,7/17/98
"Cochrane, Jack",LB,KC,43,"6'3""",236 lbs,2/9/99
"Cole, AJ",P,LV,6,"6'4""",220 lbs,11/27/95
"Cole, Dylan",LB,CHI,55,"6'0""",240 lbs,5/19/94
"Cole, Mason",OL,PIT,61,"6'5""",298 lbs,3/28/96
"Collier, L.J.",DL,ARI,91,"6'2""",291 lbs,9/12/95
"Collins, Maliek",DT,HOU,96,"6'2""",310 lbs,4/8/95
"Collins, Nico",WR,HOU,12,"6'4""",215 lbs,3/19/99
"Collins, Zaven",LB,ARI,25,"6'4""",260 lbs,5/19/99
"Colon, Trystan",OL,ARI,63,"6'3""",313 lbs,3/23/98
"Cominsky, John",DL,DET,79,"6'5""",285 lbs,11/22/95
"Conklin, Jack",OT,CLE,78,"6'6""",308 lbs,8/17/94
"Conklin, Tyler",TE,NYJ,83,"6'3""",254 lbs,7/30/95
"Conner, Chamarri",DB,KC,27,"6'0""",206 lbs,7/11/00
"Conner, James",RB,ARI,6,"6'1""",233 lbs,5/5/95
"Cook, Bryan",S,KC,6,"6'1""",206 lbs,9/7/99
"Cook, Dalvin",RB,NYJ,33,"5'10""",210 lbs,8/10/95
"Cook, Dylan",OT,PIT,60,"6'6""",305 lbs,1/11/98
"Cook, James",RB,BUF,4,"5'11""",190 lbs,9/25/99
"Cooke, Logan",P,JAC,9,"6'5""",230 lbs,7/28/95
"Cooks, Brandin",WR,DAL,3,"5'10""",189 lbs,9/25/93
"Cooks, Elijah",WR,JAC,14,"6'4""",215 lbs,10/13/98
"Cooney, Nolan",P,ARI,16,"6'3""",202 lbs,9/18/96
"Cooper, Amari",WR,CLE,2,"6'1""",211 lbs,6/17/94
"Cooper, Jonathon",LB,DEN,0,"6'4""",257 lbs,1/8/98
"Corbett, Austin",G,CAR,63,"6'4""",305 lbs,9/5/95
"Corral, Matt",QB,NE,-,"6'2""",205 lbs,1/31/99
"Cosmi, Sam",OT,WAS,76,"6'6""",309 lbs,2/16/99
"Cotton Sr., Lester",G,MIA,66,"6'4""",330 lbs,2/20/96
"Coughlin, Carter",LB,NYG,52,"6'3""",236 lbs,7/21/97
"Cousins, Kirk",QB,MIN,8,"6'3""",205 lbs,8/19/88
"Covey, Britain",WR,PHI,18,"5'8""",173 lbs,3/18/97
"Cox, Fletcher",DT,PHI,91,"6'4""",310 lbs,12/13/90
"Cox, Morgan",LS,TEN,46,"6'4""",233 lbs,4/26/86
"Cox Jr., Brenton",LB,GB,57,"6'4""",250 lbs,1/30/00
"Cracraft, River",WR,MIA,85,"6'0""",198 lbs,11/1/94
"Crosby, Maxx",DE,LV,98,"6'5""",255 lbs,8/22/97
"Cross, Charles",OT,SEA,67,"6'5""",311 lbs,11/25/00
"Cross, Nick",S,IND,20,"6'0""",212 lbs,9/10/01
"Crossen, Keion",DB,MIA,27,"5'10""",190 lbs,4/17/96
"Crowder, Jamison",WR,WAS,83,"5'8""",185 lbs,6/17/93
"Cunningham, Zach",LB,PHI,52,"6'3""",238 lbs,12/2/94
"Curhan, Jake",OT,SEA,74,"6'6""",316 lbs,7/9/98
"Curl, Kamren",S,WAS,31,"6'2""",198 lbs,3/31/99
"Curtis, McClendon",G,SEA,-,"6'6""",325 lbs,9/16/99
"Cushenberry III, Lloyd",C,DEN,79,"6'4""",315 lbs,11/22/97
"Daley, Dennis",OL,ARI,71,"6'6""",325 lbs,8/7/96
"Dallas, DeeJay",RB,SEA,31,"5'10""",214 lbs,9/16/98
"Dalman, Drew",OL,ATL,67,"6'3""",300 lbs,10/15/98
"Dalton, Andy",QB,CAR,14,"6'2""",220 lbs,10/29/87
"Daly, Scott",LS,DET,47,"6'1""",245 lbs,2/7/94
"Daniels, Braeden",OL,WAS,79,"6'4""",297 lbs,8/22/00
"Daniels, James",OL,PIT,78,"6'4""",327 lbs,9/13/97
"Danna, Mike",DE,KC,51,"6'2""",257 lbs,12/1/97
"Darby, Ronald",CB,BAL,28,"5'11""",193 lbs,1/2/94
"Darnold, Sam",QB,SF,14,"6'3""",225 lbs,6/5/97
"Darrisaw, Christian",OT,MIN,71,"6'5""",315 lbs,6/2/99
"Davenport, Marcus",LB,MIN,0,"6'6""",265 lbs,9/4/96
"David, Lavonte",LB,TB,54,"6'1""",233 lbs,1/23/90
"Davidson, D.J.",DL,NYG,98,"6'3""",327 lbs,12/16/99
"Davidson, Zach",TE,BUF,84,"6'7""",251 lbs,7/15/98
"Davis, Ashtyn",S,NYJ,21,"6'1""",202 lbs,10/10/96
"Davis, Cody",DB,NE,22,"6'2""",205 lbs,6/6/89
"Davis, Demario",LB,NO,56,"6'2""",248 lbs,1/11/89
"Davis, Derius",WR,LAC,12,"5'8""",165 lbs,9/11/00
"Davis, Gabe",WR,BUF,13,"6'2""",225 lbs,4/1/99
"Davis, Jalen",CB,CIN,35,"5'10""",190 lbs,2/2/96
"Davis, Jamin",LB,WAS,52,"6'3""",234 lbs,12/12/98
"Davis, Jarrad",LB,NYG,57,"6'1""",238 lbs,11/16/94
"Davis, Jordan",DT,PHI,90,"6'6""",336 lbs,1/12/00
"Davis, Kalia",DL,SF,93,"6'2""",310 lbs,10/2/98
"Davis, Michael",CB,LAC,43,"6'2""",196 lbs,1/6/95
"Davis, Nate",OL,CHI,64,"6'3""",316 lbs,9/23/96
"Davis, Raekwon",DT,MIA,98,"6'7""",325 lbs,8/21/97
"Davis, Tae",LB,ATL,50,"6'0""",222 lbs,8/14/96
"Davis, Tyler",TE,GB,84,"6'4""",252 lbs,4/2/97
"Davis, Wyatt",G,NYG,67,"6'4""",315 lbs,2/17/99
"Davis III, Carlton",CB,TB,24,"6'1""",206 lbs,12/31/96
"Davis-Gaither, Akeem",LB,CIN,59,"6'2""",228 lbs,9/21/97
"Davis-Price, Tyrion",RB,SF,32,"6'1""",219 lbs,10/23/00
"Dawkins, Dion",OT,BUF,73,"6'5""",320 lbs,4/26/94
"Deablo, Divine",LB,LV,5,"6'3""",223 lbs,8/17/98
"Dean, Jamel",CB,TB,35,"6'1""",206 lbs,10/15/96
"Dean, Nakobe",LB,PHI,17,"5'11""",231 lbs,12/13/00
"Deaton, Dawson",G,CLE,52,"6'1""",306 lbs,5/6/99
"Decker, Taylor",OT,DET,68,"6'7""",318 lbs,8/23/93
"Deguara, Josiah",TE,GB,81,"6'2""",238 lbs,2/14/97
"Delaney, Dee",DB,TB,30,"5'11""",200 lbs,2/20/95
"Dell, Tank",WR,HOU,3,"5'10""",165 lbs,10/29/99
"Delpit, Grant",S,CLE,22,"6'3""",208 lbs,9/20/98
"Demercado, Emari",RB,ARI,31,"5'9""",215 lbs,1/20/99
"Denbow, Trevor",S,IND,43,"5'10""",208 lbs,8/26/98
"Dennis, SirVocea",LB,TB,8,"6'0""",226 lbs,3/9/00
"DePaola, Andrew",LS,MIN,42,"6'1""",229 lbs,7/28/87
"Dexter Sr., Gervon",DL,CHI,99,"6'6""",312 lbs,10/5/01
"Diabate, Mohamoud",LB,CLE,43,"6'4""",225 lbs,5/18/01
"Diaby, YaYa",LB,TB,0,"6'3""",263 lbs,5/30/99
"Dicker, Cameron",K,LAC,11,"6'1""",216 lbs,5/6/00
"Dickerson, Landon",G,PHI,69,"6'6""",332 lbs,9/30/98
"Dickerson, Matt",DT,KC,93,"6'5""",292 lbs,11/9/95
"Dickson, Michael",P,SEA,4,"6'2""",208 lbs,1/4/96
"Diggs, Quandre",S,SEA,6,"5'9""",197 lbs,1/22/93
"Diggs, Stefon",WR,BUF,14,"6'0""",191 lbs,11/29/93
"Diggs, Trevon",CB,DAL,7,"6'2""",195 lbs,9/20/98
"Dillard, Andre",OT,TEN,71,"6'5""",315 lbs,10/3/95
"Dillon, AJ",RB,GB,28,"6'0""",247 lbs,5/2/98
"Dillon, Brandon",TE,WAS,46,"6'5""",250 lbs,4/30/97
"Dimukeje, Victor",LB,ARI,52,"6'2""",262 lbs,11/18/99
"Dissly, Will",TE,SEA,89,"6'4""",265 lbs,7/8/96
"Dixon, Riley",P,DEN,9,"6'4""",221 lbs,8/24/93
"Dobbins, J.K.",RB,BAL,27,"5'10""",215 lbs,12/17/98
"Dobbs, Joshua",QB,ARI,9,"6'3""",216 lbs,1/26/95
"Dodson, Tyrel",LB,BUF,25,"6'0""",237 lbs,6/25/98
"Dogbe, Michael",DE,HOU,-,"6'3""",280 lbs,5/5/96
"Donald, Aaron",DT,LAR,99,"6'1""",280 lbs,5/23/91
"Dorsey, Khalil",CB,DET,30,"5'8""",185 lbs,3/31/98
"Dortch, Greg",WR,ARI,83,"5'7""",175 lbs,5/29/98
"Dotson, Elijah",RB,LAC,42,"5'9""",202 lbs,1/19/99
"Dotson, Jahan",WR,WAS,1,"5'11""",182 lbs,3/22/00
"Dotson, Kevin",OL,LAR,69,"6'4""",321 lbs,9/18/96
"Doubs, Romeo",WR,GB,87,"6'2""",204 lbs,4/13/00
"Douglas, Demario",WR,NE,81,"5'8""",192 lbs,12/8/00
"Douglas, Rasul",CB,GB,29,"6'2""",209 lbs,8/29/95
"Dowdle, Rico",RB,DAL,23,"6'0""",215 lbs,6/14/98
"Dowell, Andrew",LB,NO,50,"6'1""",225 lbs,11/16/96
"Dowell, Colton",WR,TEN,14,"6'3""",212 lbs,4/19/99
"Downs, Josh",WR,IND,1,"5'9""",171 lbs,8/12/01
"Doyle, Tommy",OT,BUF,72,"6'8""",320 lbs,5/6/98
"Driscoll, Jack",OT,PHI,63,"6'5""",312 lbs,4/1/97
"Dugger, Kyle",DB,NE,23,"6'2""",222 lbs,3/22/96
"Dulcich, Greg",TE,DEN,80,"6'4""",245 lbs,3/26/00
"Dulin, Ashton",WR,IND,16,"6'2""",215 lbs,5/15/97
"Duncan, Jaelyn",OT,TEN,79,"6'6""",306 lbs,7/8/00
"Dunn, Michael",G,CLE,68,"6'5""",315 lbs,8/28/94
"Dupree, Bud",LB,ATL,48,"6'4""",269 lbs,2/12/93
"Durant, Cobie",DB,LAR,14,"5'11""",180 lbs,2/9/98
"Durden, David",WR,DAL,85,"6'2""",200 lbs,12/26/98
"Durham, Payne",TE,TB,87,"6'6""",253 lbs,6/15/00
"Duvernay, Devin",WR,BAL,13,"5'11""",202 lbs,9/12/97
"Dwelley, Ross",TE,SF,82,"6'5""",235 lbs,1/26/95
"Dye, Troy",LB,MIN,45,"6'3""",225 lbs,9/18/96
"Ebiketie, Arnold",LB,ATL,17,"6'3""",256 lbs,1/24/99
"Ebukam, Samson",DE,IND,52,"6'3""",245 lbs,5/9/95
"Echols, Brandin",CB,NYJ,26,"5'10""",175 lbs,10/16/97
"Edmonds, Chase",RB,TB,22,"5'9""",205 lbs,4/13/96
"Edmunds, Terrell",S,PHI,26,"6'1""",217 lbs,1/20/97
"Edmunds, Tremaine",LB,CHI,49,"6'5""",250 lbs,5/2/98
"Edoga, Chuma",G,DAL,71,"6'3""",308 lbs,5/25/97
"Edwards, David",G,BUF,76,"6'6""",308 lbs,3/20/97
"Edwards, Gus",RB,BAL,35,"6'1""",238 lbs,4/13/95
"Edwards, Mike",S,KC,21,"5'10""",205 lbs,5/18/96
"Edwards, T.J.",LB,CHI,53,"6'1""",242 lbs,8/12/96
"Edwards Jr., Mario",DE,SEA,97,"6'3""",280 lbs,4/19/94
"Edwards-Helaire, Clyde",RB,KC,25,"5'7""",207 lbs,4/11/99
"Ehlinger, Sam",QB,IND,4,"6'2""",225 lbs,9/30/98
"Eichenberg, Liam",OL,MIA,74,"6'6""",306 lbs,1/19/98
"Ekeler, Austin",RB,LAC,30,"5'10""",200 lbs,5/17/95
"Ekuale, Daniel",DL,NE,95,"6'3""",310 lbs,1/13/94
"Ekwonu, Ikem",OT,CAR,79,"6'4""",320 lbs,10/31/00
"Elam, Kaiir",CB,BUF,24,"6'1""",191 lbs,5/5/01
"Elflein, Pat",OL,ARI,50,"6'2""",303 lbs,7/6/94
"Elliott, DeShon",S,MIA,21,"6'1""",210 lbs,4/21/97
"Elliott, Ezekiel",RB,NE,15,"6'0""",225 lbs,7/22/95
"Elliott, Jake",K,PHI,4,"5'9""",167 lbs,1/21/95
"Elliott, Jordan",DT,CLE,96,"6'4""",303 lbs,11/23/97
"Elliss, Christian",LB,PHI,53,"6'3""",231 lbs,1/2/99
"Elliss, Kaden",LB,ATL,55,"6'2""",238 lbs,7/10/95
"Eluemunor, Jermaine",G,LV,72,"6'4""",330 lbs,12/13/94
"Emerson Jr., Martin",CB,CLE,23,"6'2""",201 lbs,9/27/00
"Enagbare, Kingsley",LB,GB,55,"6'4""",258 lbs,1/18/00
"Enechukwu, Ikenna",DL,ATL,79,"6'4""",266 lbs,1/24/00
"Engram, Evan",TE,JAC,17,"6'3""",240 lbs,9/2/94
"Epenesa, A.J.",DE,BUF,57,"6'6""",260 lbs,9/15/98
"Epps, Marcus",S,LV,1,"6'0""",191 lbs,1/27/96
"Ertz, Zach",TE,ARI,86,"6'5""",250 lbs,11/10/90
"Eskridge, Dee",WR,SEA,1,"5'9""",190 lbs,3/23/97
"Etienne Jr., Travis",RB,JAC,1,"5'10""",215 lbs,1/26/99
"Evans, Akayleb",CB,MIN,21,"6'2""",198 lbs,6/22/99
"Evans, Chris",HB,CIN,25,"5'11""",215 lbs,10/5/97
"Evans, Ethan",P,LAR,42,"6'3""",231 lbs,7/19/01
"Evans, Justin",S,PHI,30,"6'0""",199 lbs,8/26/95
"Evans, Mike",WR,TB,13,"6'5""",231 lbs,8/21/93
"Evans, Zach",RB,LAR,21,"5'11""",202 lbs,5/30/01
"Everett, Gerald",TE,LAC,7,"6'3""",250 lbs,6/25/94
"Ezeudu, Joshua",OL,NYG,75,"6'4""",308 lbs,9/19/99
"Ezukanma, Erik",WR,MIA,18,"6'2""",206 lbs,1/25/00
"Faalele, Daniel",OT,BAL,77,"6'8""",380 lbs,11/9/99
"Facyson, Brandon",CB,LV,31,"6'2""",197 lbs,9/8/94
"Fairbairn, Ka'imi",K,HOU,15,"6'0""",183 lbs,1/29/94
"Fant, George",OT,HOU,77,"6'5""",322 lbs,7/19/92
"Fant, Noah",TE,SEA,87,"6'4""",249 lbs,11/20/97
"Faoliu, Austin",NT,SEA,64,"6'3""",305 lbs,1/9/99
"Farley, Caleb",CB,TEN,3,"6'2""",197 lbs,11/2/98
"Farrell, Luke",TE,JAC,89,"6'5""",250 lbs,10/14/97
"Farrell Jr., Neil",DT,KC,92,"6'4""",325 lbs,9/9/98
"Fatukasi, Folorunso",DL,JAC,94,"6'4""",318 lbs,3/4/95
"Feeney, Dan",OL,CHI,67,"6'4""",310 lbs,5/29/94
"Fehoko Jr., Viliami",DE,DAL,93,"6'4""",267 lbs,12/16/99
"Feiler, Matt",OL,TB,71,"6'6""",330 lbs,7/7/92
"Feliciano, Jon",OL,SF,55,"6'4""",325 lbs,2/10/92
"Fenton, Rashad",CB,ARI,24,"5'11""",193 lbs,2/17/97
"Ferguson, Blake",LS,MIA,44,"6'3""",240 lbs,4/21/97
"Ferguson, Jake",TE,DAL,87,"6'5""",244 lbs,1/18/99
"Ferguson, Reid",LS,BUF,69,"6'2""",235 lbs,3/24/94
"Ferrell, Clelin",DL,SF,94,"6'4""",265 lbs,5/17/97
"Fields, Justin",QB,CHI,1,"6'3""",228 lbs,3/5/99
"Fields II, Tony",LB,CLE,42,"6'0""",222 lbs,6/18/99
"Finley, A.J.",DB,LAC,24,"6'3""",205 lbs,-
"Fitzpatrick, Dez",WR,PIT,82,"6'2""",208 lbs,12/17/97
"FitzPatrick, John",TE,ATL,87,"6'7""",250 lbs,3/9/00
"Fitzpatrick, Minkah",S,PIT,39,"6'1""",207 lbs,11/17/96
"Flannigan-Fowles, Demetrius",LB,SF,45,"6'2""",223 lbs,9/4/96
"Fleming, Cameron",OT,DEN,73,"6'5""",320 lbs,9/3/92
"Flott, Cor'Dale",DB,NYG,28,"6'1""",175 lbs,8/24/01
"Flowers, Dallis",CB,IND,33,"6'1""",196 lbs,6/4/97
"Flowers, Tre",CB,ATL,33,"6'3""",200 lbs,6/2/95
"Flowers, Trey",DE,NE,58,"6'2""",265 lbs,8/16/93
"Flowers, Zay",WR,BAL,4,"5'9""",182 lbs,9/11/00
"Floyd, Leonard",DE,BUF,56,"6'3""",240 lbs,9/8/92
"Folk, Nick",K,TEN,6,"6'1""",225 lbs,11/5/84
"Forbes, Drew",G,CLE,70,"6'5""",308 lbs,1/18/97
"Forbes, Emmanuel",CB,WAS,13,"6'0""",180 lbs,1/13/01
"Ford, Cody",G,CIN,61,"6'3""",329 lbs,12/28/96
"Ford, Jerome",RB,CLE,34,"5'10""",210 lbs,9/12/99
"Ford, Mike",CB,CLE,28,"6'0""",195 lbs,8/4/95
"Ford, Poona",DT,BUF,98,"5'11""",310 lbs,11/19/95
"Ford, Rudy",S,GB,20,"6'0""",210 lbs,11/1/94
"Ford-Wheaton, Bryce",WR,NYG,6,"6'3""",224 lbs,3/9/00
"Foreman, D'Onta",RB,CHI,21,"6'0""",235 lbs,4/24/96
"Forrest, Darrick",S,WAS,22,"5'11""",200 lbs,5/22/99
"Forsyth, Alex",C,DEN,76,"6'4""",312 lbs,2/13/99
"Forsythe, Stone",OT,SEA,78,"6'8""",307 lbs,12/29/97
"Fortner, Luke",OL,JAC,79,"6'6""",307 lbs,5/15/98
"Fortson, Jody",TE,KC,88,"6'4""",226 lbs,12/7/95
"Foskey, Isaiah",DE,NO,55,"6'5""",265 lbs,10/30/00
"Fotu, Leki",DT,ARI,95,"6'5""",334 lbs,8/23/98
"Fowler Jr., Dante",DE,DAL,56,"6'3""",261 lbs,8/3/94
"Fox, Jack",P,DET,3,"6'2""",218 lbs,9/1/96
"Fox, Morgan",DL,LAC,56,"6'3""",275 lbs,9/12/94
"Fraboni, Mitchell",LS,DEN,48,"6'2""",223 lbs,10/28/96
"Franklin, Zaire",LB,IND,44,"6'0""",235 lbs,7/2/96
"Franklin Jr., Sam",S,CAR,42,"6'3""",210 lbs,2/2/96
"Franklin-Myers, John",DL,NYJ,91,"6'4""",288 lbs,9/26/96
"Franks, Feleipe",TE,ATL,15,"6'6""",234 lbs,12/22/97
"Freeland, Blake",OT,IND,73,"6'7""",302 lbs,5/3/00
"Freiermuth, Pat",TE,PIT,88,"6'5""",258 lbs,10/25/98
"French, Wesley",C,IND,62,"6'4""",307 lbs,11/30/96
"Fries, Will",C,IND,75,"6'6""",305 lbs,4/4/98
"Froholdt, Hjalte",OL,ARI,72,"6'5""",310 lbs,8/20/96
"Fuller, Jordan",DB,LAR,4,"6'2""",203 lbs,3/4/98
"Fuller, Kendall",CB,WAS,29,"5'11""",198 lbs,2/13/95
"Fulton, Kristian",CB,TEN,26,"5'11""",197 lbs,9/3/98
"Funk, Jake",RB,IND,-,"5'10""",205 lbs,1/11/98
"Gabbert, Blaine",QB,KC,9,"6'5""",235 lbs,10/15/89
"Gage, Russell",WR,TB,3,"6'0""",185 lbs,1/22/96
"Gaines, Greg",DL,TB,96,"6'1""",312 lbs,5/6/96
"Gaines II, Jon",OL,ARI,59,"6'4""",303 lbs,5/24/99
"Gainwell, Kenneth",RB,PHI,14,"5'9""",200 lbs,3/14/99
"Gallimore, Neville",DT,DAL,96,"6'2""",302 lbs,1/17/97
"Gallup, Michael",WR,DAL,13,"6'1""",198 lbs,4/4/96
"Gano, Graham",K,NYG,9,"6'2""",202 lbs,4/9/87
"Garcia, Elijah",DL,DEN,95,"6'5""",302 lbs,3/11/98
"Garcia, Max",G,NO,73,"6'4""",309 lbs,11/9/91
"Gardeck, Dennis",LB,ARI,45,"6'0""",232 lbs,8/9/94
"Gardner, Sauce",CB,NYJ,1,"6'3""",200 lbs,8/31/00
"Gardner-Johnson, C.J.",DB,DET,2,"5'11""",208 lbs,12/20/97
"Garoppolo, Jimmy",QB,LV,10,"6'2""",225 lbs,11/2/91
"Garrett, Myles",DE,CLE,95,"6'4""",272 lbs,12/29/95
"Gary, Rashan",LB,GB,52,"6'5""",277 lbs,12/3/97
"Gaskin, Myles",RB,MIN,37,"5'10""",200 lbs,2/15/97
"Gates, Nick",C,WAS,63,"6'5""",312 lbs,11/27/95
"Gay, Matt",K,IND,7,"6'0""",232 lbs,3/15/94
"Gay, Willie",LB,KC,50,"6'1""",243 lbs,2/15/98
"Gaziano, Joe",DL,ATL,99,"6'4""",280 lbs,9/27/96
"Gesicki, Mike",TE,NE,88,"6'6""",245 lbs,10/3/95
"Gholston, William",DL,TB,92,"6'6""",281 lbs,7/31/91
"Gibbens, Jack",LB,TEN,50,"6'3""",242 lbs,11/24/98
"Gibbs, Jahmyr",RB,DET,26,"5'9""",200 lbs,3/20/02
"Gibson, Antonio",RB,WAS,24,"6'2""",220 lbs,6/23/98
"Gifford, Luke",LB,TEN,57,"6'3""",243 lbs,8/28/95
"Gill, Cam",LB,TB,49,"6'3""",240 lbs,12/14/97
"Gill, Trenton",P,CHI,16,"6'4""",219 lbs,1/1/99
"Gillan, Jamie",P,NYG,6,"6'1""",207 lbs,7/4/97
"Gilliam, Reggie",FB,BUF,41,"6'0""",244 lbs,8/20/97
"Gilman, Alohi",S,LAC,32,"5'10""",201 lbs,9/17/97
"Gilmore, Stephon",CB,DAL,21,"6'0""",190 lbs,9/19/90
"Gilmore, Steven",CB,DET,24,"6'0""",174 lbs,9/17/99
"Gipson, Trevis",LB,TEN,51,"6'4""",263 lbs,6/13/97
"Gipson, Xavier",WR,NYJ,82,"5'9""",189 lbs,3/8/01
"Gipson Sr., Tashaun",S,SF,31,"6'1""",212 lbs,8/7/90
"Givens, Kevin",DL,SF,90,"6'1""",285 lbs,3/1/97
"Glasgow, Graham",OL,DET,60,"6'6""",315 lbs,8/19/92
"Glowinski, Mark",G,NYG,64,"6'4""",310 lbs,5/3/92
"Godchaux, Davon",DL,NE,92,"6'3""",330 lbs,11/11/94
"Godwin, Chris",WR,TB,14,"6'1""",208 lbs,2/27/96
"Goedeke, Luke",G,TB,67,"6'5""",312 lbs,11/28/98
"Goedert, Dallas",TE,PHI,88,"6'5""",256 lbs,1/3/95
"Goff, Jared",QB,DET,16,"6'4""",217 lbs,10/14/94
"Golden, Markus",LB,PIT,44,"6'2""",260 lbs,3/13/91
"Golston, Chauncey",DE,DAL,99,"6'5""",268 lbs,2/10/98
"Gonzalez, Christian",CB,NE,6,"6'2""",205 lbs,6/28/02
"Goodrich, Mario",CB,PHI,31,"6'0""",186 lbs,1/12/00
"Goodwin, Marquise",WR,CLE,3,"5'9""",185 lbs,11/19/90
"Gordon, Kyler",DB,CHI,6,"6'0""",200 lbs,12/17/99
"Gotsis, Adam",DL,JAC,96,"6'4""",290 lbs,9/23/92
"Graham, Brandon",DE,PHI,55,"6'2""",265 lbs,4/3/88
"Graham, Jalen",LB,SF,50,"6'3""",220 lbs,1/11/01
"Graham, Jimmy",TE,NO,80,"6'7""",265 lbs,11/24/86
"Graham, Ta'quon",DL,ATL,95,"6'4""",294 lbs,12/1/98
"Graham Jr., Thomas",CB,CLE,31,"5'11""",197 lbs,6/24/99
"Granderson, Carl",DE,NO,96,"6'5""",261 lbs,12/18/96
"Granson, Kylen",TE,IND,83,"6'3""",242 lbs,3/27/98
"Grant, Richie",S,ATL,27,"6'0""",200 lbs,11/9/97
"Grant Sr., Jakeem",WR,CLE,9,"5'6""",170 lbs,10/30/92
"Gray, Danny",WR,SF,6,"6'0""",200 lbs,4/1/99
"Gray, Eric",RB,NYG,20,"5'10""",210 lbs,11/4/99
"Gray, J.T.",DB,NO,48,"6'0""",202 lbs,1/18/96
"Gray, Noah",TE,KC,83,"6'3""",240 lbs,4/30/99
"Green, Antoine",WR,DET,80,"6'2""",199 lbs,11/15/99
"Green, Kendrick",C,HOU,50,"6'4""",315 lbs,12/22/98
"Green, Kenyon",G,HOU,59,"6'4""",323 lbs,3/15/01
"Green, Rasheem",DL,CHI,94,"6'4""",279 lbs,5/15/97
"Greenard, Jonathan",DE,HOU,52,"6'3""",263 lbs,5/25/97
"Greene, Mike",DL,TB,91,"6'3""",293 lbs,5/3/99
"Greenidge, Ethan",OL,ATL,71,"6'4""",335 lbs,9/10/97
"Greenlaw, Dre",LB,SF,57,"6'0""",230 lbs,5/25/97
"Gregory, Randy",LB,DEN,5,"6'5""",242 lbs,11/23/92
"Griffin, Shaquill",CB,HOU,0,"6'0""",198 lbs,7/20/95
"Griffith, Jonas",LB,DEN,50,"6'4""",250 lbs,1/27/97
"Gross-Matos, Yetur",LB,CAR,97,"6'5""",265 lbs,2/26/98
"Grugier-Hill, Kamu",LB,CAR,54,"6'2""",220 lbs,5/16/94
"Grupe, Blake",K,NO,19,"5'7""",156 lbs,11/5/98
"Guy Sr., Lawrence",DL,NE,93,"6'4""",315 lbs,3/17/90
"Guyton, Jalen",WR,LAC,15,"6'1""",212 lbs,6/7/97
"Gwyn, Jovaughn",OL,ATL,56,"6'2""",301 lbs,3/18/99
"Haener, Jake",QB,NO,14,"6'1""",200 lbs,3/16/99
"Hailassie, Kahlef",CB,CLE,25,"6'1""",195 lbs,11/9/00
"Hainsey, Robert",OL,TB,70,"6'4""",306 lbs,8/12/98
"Hairston, Troy",FB,HOU,34,"5'11""",245 lbs,12/8/98
"Hall, Breece",RB,NYJ,20,"6'1""",220 lbs,5/31/01
"Hall, Bryce",CB,NYJ,37,"6'1""",202 lbs,11/5/97
"Hall, Derick",LB,SEA,58,"6'3""",254 lbs,3/19/01
"Hall, Jaren",QB,MIN,16,"6'0""",207 lbs,3/24/98
"Hall, Logan",DL,TB,90,"6'6""",283 lbs,4/22/00
"Hall, Maalik",LB,NYJ,46,"6'3""",235 lbs,2/4/99
"Ham, C.J.",FB,MIN,30,"5'11""",250 lbs,7/22/93
"Hamilton, Davon",DT,JAC,52,"6'4""",335 lbs,2/1/97
"Hamilton, Kyle",S,BAL,14,"6'4""",220 lbs,3/16/01
"Hamilton Sr., Antonio",CB,ARI,33,"6'0""",195 lbs,1/24/93
"Hamlin, Damar",S,BUF,3,"6'0""",200 lbs,3/24/98
"Hamm, Malik",LB,BAL,59,"6'3""",250 lbs,8/26/00
"Hampton, Nick",LB,LAR,31,"6'3""",235 lbs,4/5/00
"Hance, Blake",OL,JAC,73,"6'5""",310 lbs,1/11/96
"Hankins, Johnathan",DT,DAL,95,"6'2""",320 lbs,3/29/92
"Hansen, Jake",LB,HOU,35,"6'1""",235 lbs,6/19/98
"Hardee, Justin",CB,NYJ,34,"6'1""",200 lbs,2/7/94
"Hardman Jr., Mecole",WR,NYJ,6,"5'10""",187 lbs,3/12/98
"Hargrave, Javon",DL,SF,98,"6'2""",305 lbs,2/7/93
"Harper, Devin",LB,DAL,50,"6'0""",234 lbs,5/13/98
"Harris, Charles",DL,DET,53,"6'3""",250 lbs,3/6/95
"Harris, Christian",LB,HOU,48,"6'1""",226 lbs,1/16/01
"Harris, Damien",RB,BUF,22,"5'11""",213 lbs,2/11/97
"Harris, Jonathan",DL,DEN,92,"6'5""",295 lbs,8/4/96
"Harris, Josh",LS,LAC,47,"6'1""",224 lbs,4/27/89
"Harris, Najee",RB,PIT,22,"6'1""",242 lbs,3/9/98
"Harris, Nick",C,CLE,53,"6'1""",293 lbs,11/13/98
"Harris, Shelby",DT,CLE,93,"6'2""",288 lbs,8/11/91
"Harris, Will",CB,DET,25,"6'1""",206 lbs,12/19/95
"Harrison, Anton",OT,JAC,77,"6'5""",315 lbs,2/2/02
"Harrison, Malik",LB,BAL,40,"6'3""",259 lbs,3/5/98
"Harrison, Zach",DL,ATL,96,"6'6""",272 lbs,8/14/01
"Hart, Penny",WR,ATL,19,"5'8""",182 lbs,7/5/96
"Harty, Deonte",WR,BUF,11,"5'6""",170 lbs,12/4/97
"Harvin III, Pressley",P,PIT,6,"6'0""",255 lbs,9/17/98
"Haskins, Hassan",RB,TEN,25,"6'2""",228 lbs,11/26/99
"Hassenauer, J.C.",OL,NYG,63,"6'2""",295 lbs,9/15/95
"Hasty, JaMycal",RB,JAC,22,"5'8""",205 lbs,9/12/96
"Havenstein, Rob",OL,LAR,79,"6'8""",330 lbs,5/13/92
"Hawkins, Jaylinn",S,ATL,32,"6'1""",208 lbs,8/27/97
"Hawkins III, Tre",CB,NYG,37,"6'3""",195 lbs,8/1/00
"Hayes, Josh",DB,TB,32,"5'11""",197 lbs,4/24/99
"Hayes, Ryan",OT,IND,71,"6'7""",305 lbs,2/28/00
"Haynes, Phil",G,SEA,60,"6'4""",322 lbs,10/19/95
"Haynes Sr., Marquis",LB,CAR,98,"6'2""",235 lbs,12/16/93
"Heath, Malik",WR,GB,18,"6'2""",213 lbs,3/3/00
"Heck, Charlie",OT,HOU,67,"6'8""",311 lbs,11/20/96
"Hedley, Lou",P,NO,39,"6'4""",220 lbs,6/27/93
"Heinicke, Taylor",QB,ATL,4,"6'1""",210 lbs,3/15/93
"Hekker, Johnny",P,CAR,10,"6'5""",225 lbs,2/8/90
"Hellams, DeMarcco",S,ATL,37,"6'1""",213 lbs,6/5/00
"Hembrough, Matt",LS,ARI,39,"6'3""",236 lbs,5/17/99
"Hendershot, Peyton",TE,DAL,89,"6'4""",254 lbs,4/23/99
"Henderson, CJ",CB,CAR,23,"6'1""",205 lbs,9/30/98
"Hendrickson, Trey",DE,CIN,91,"6'4""",270 lbs,12/5/94
"Henley, Daiyan",LB,LAC,0,"6'1""",225 lbs,11/18/99
"Hennessy, Matt",OL,ATL,61,"6'3""",307 lbs,11/17/97
"Hennessy, Thomas",LS,NYJ,42,"6'2""",246 lbs,6/11/94
"Henningsen, Matt",DE,DEN,91,"6'3""",291 lbs,5/1/99
"Henry, Derrick",RB,TEN,22,"6'3""",247 lbs,1/4/94
"Henry, Hunter",TE,NE,85,"6'5""",258 lbs,12/7/94
"Henry, K.J.",DE,WAS,55,"6'4""",251 lbs,1/27/99
"Herbert, Justin",QB,LAC,10,"6'6""",236 lbs,3/10/98
"Herbert, Khalil",RB,CHI,24,"5'9""",212 lbs,4/21/98
"Herbig, Nate",G,PIT,71,"6'4""",334 lbs,7/10/98
"Herbig, Nick",LB,PIT,51,"6'2""",240 lbs,11/21/01
"Hernandez, Will",OL,ARI,76,"6'2""",332 lbs,9/2/95
"Herndon, Tre",CB,JAC,37,"5'11""",190 lbs,3/5/96
"Herring, Malik",DE,KC,94,"6'3""",275 lbs,11/9/97
"Herron, Justin",OT,LV,71,"6'5""",290 lbs,11/27/95
"Hewitt, Neville",LB,HOU,57,"6'2""",234 lbs,4/6/93
"Heyward, Cameron",DT,PIT,97,"6'5""",295 lbs,5/6/89
"Heyward, Connor",TE,PIT,83,"6'0""",230 lbs,1/22/99
"Hickman Jr., Ronnie",S,CLE,33,"6'1""",209 lbs,10/11/01
"Hicks, Elijah",DB,CHI,22,"5'11""",200 lbs,10/16/99
"Hicks, Jordan",LB,MIN,58,"6'1""",236 lbs,6/27/92
"Higbee, Tyler",TE,LAR,89,"6'6""",255 lbs,1/1/93
"Higgins, Elijah",TE,ARI,84,"6'3""",235 lbs,10/27/00
"Higgins, Tee",WR,CIN,5,"6'4""",219 lbs,1/18/99
"Highsmith, Alex",LB,PIT,56,"6'4""",242 lbs,8/7/97
"Hill, B.J.",DT,CIN,92,"6'3""",311 lbs,4/20/95
"Hill, Dax",S,CIN,23,"6'0""",191 lbs,9/29/00
"Hill, Julian",TE,MIA,89,"6'4""",251 lbs,7/9/00
"Hill, Justice",RB,BAL,43,"5'10""",197 lbs,11/14/97
"Hill, Taysom",TE,NO,7,"6'2""",221 lbs,8/23/90
"Hill, Trey",C,CIN,63,"6'4""",335 lbs,1/23/00
"Hill, Troy",CB,CAR,13,"5'10""",182 lbs,8/29/91
"Hill, Tyreek",WR,MIA,10,"5'10""",191 lbs,3/1/94
"Hilton, Mike",CB,CIN,21,"5'9""",184 lbs,3/9/94
"Hines, Nyheim",RB,BUF,0,"5'9""",196 lbs,11/12/96
"Hinish, Kurt",DT,HOU,93,"6'2""",300 lbs,4/27/99
"Hinton, Christopher",DL,LAC,91,"6'4""",310 lbs,9/14/00
"Hinton, Kyle",OL,ATL,68,"6'2""",295 lbs,2/27/98
"Hobbs, Nate",CB,LV,39,"6'0""",195 lbs,6/24/99
"Hockenson, T.J.",TE,MIN,87,"6'5""",248 lbs,7/3/97
"Hodge, KhaDarel",WR,ATL,12,"6'2""",203 lbs,1/3/95
"Hodges, Cooper",OT,JAC,75,"6'3""",311 lbs,7/13/00
"Hodges, Curtis",TE,WAS,80,"6'8""",240 lbs,7/3/99
"Hodgins, Isaiah",WR,NYG,18,"6'3""",201 lbs,10/21/98
"Hoecht, Michael",LB,LAR,97,"6'4""",310 lbs,10/5/97
"Holcomb, Cole",LB,PIT,55,"6'1""",240 lbs,7/30/96
"Holland, Jevon",S,MIA,8,"6'1""",210 lbs,3/3/00
"Hollins, Justin",LB,GB,47,"6'5""",248 lbs,1/15/96
"Hollins, Mack",WR,ATL,18,"6'4""",221 lbs,9/16/93
"Hollman, Ka'dar",CB,HOU,30,"6'0""",196 lbs,9/18/94
"Holmes, Christian",CB,WAS,34,"6'1""",205 lbs,9/14/97
"Holmes, Darnay",CB,NYG,30,"5'10""",195 lbs,6/23/98
"Homer, Travis",RB,CHI,20,"5'10""",202 lbs,8/7/98
"Hooker, Amani",DB,TEN,37,"5'11""",210 lbs,6/14/98
"Hooker, Hendon",QB,DET,12,"6'3""",220 lbs,1/13/98
"Hooker, Malik",S,DAL,28,"6'2""",212 lbs,4/2/96
"Hooper, Austin",TE,LV,81,"6'4""",254 lbs,10/29/94
"Hopkins, Brycen",TE,LAR,88,"6'4""",245 lbs,3/27/97
"Hopkins, DeAndre",WR,TEN,10,"6'1""",218 lbs,6/6/92
"Hopkins, Dustin",K,CLE,7,"6'2""",193 lbs,10/1/90
"Horn, Jaycee",CB,CAR,8,"6'1""",200 lbs,11/26/99
"Horsted, Jesper",TE,LV,80,"6'3""",237 lbs,2/27/97
"Horton, Dylan",DE,HOU,92,"6'4""",275 lbs,8/21/00
"Houston, James",LB,DET,41,"6'1""",245 lbs,11/16/98
"Houston, Justin",LB,CAR,50,"6'3""",270 lbs,1/12/89
"Howard, Tytus",OT,HOU,71,"6'5""",322 lbs,5/23/96
"Howard, Xavien",CB,MIA,25,"6'1""",203 lbs,7/4/93
"Howden, Jordan",DB,NO,31,"6'0""",209 lbs,5/14/00
"Howell, Sam",QB,WAS,14,"6'1""",220 lbs,9/16/00
"Hoyer, Brian",QB,LV,7,"6'2""",215 lbs,10/13/85
"Hubbard, Chris",OL,TEN,66,"6'4""",295 lbs,4/23/91
"Hubbard, Chuba",RB,CAR,30,"6'1""",210 lbs,6/11/99
"Hubbard, Sam",DE,CIN,94,"6'5""",265 lbs,6/29/95
"Hudson, Khaleke",LB,WAS,47,"6'0""",220 lbs,12/6/97
"Hudson III, James",OT,CLE,66,"6'5""",313 lbs,5/13/99
"Hufanga, Talanoa",S,SF,29,"6'0""",200 lbs,2/1/00
"Huff, Bryce",DL,NYJ,47,"6'3""",255 lbs,4/17/98
"Huggins, Albert",DL,ATL,94,"6'3""",305 lbs,6/27/97
"Hughes, Jerry",DE,HOU,55,"6'2""",254 lbs,8/31/88
"Hughes, Mike",CB,ATL,21,"5'10""",189 lbs,2/11/97
"Hughlett, Charley",LS,CLE,47,"6'4""",248 lbs,5/16/90
"Hull, Evan",RB,IND,26,"5'10""",209 lbs,10/26/00
"Hummel, Jake",LB,LAR,35,"6'1""",235 lbs,1/4/99
"Humphrey, Creed",C,KC,52,"6'4""",302 lbs,6/28/99
"Humphrey, Lil'Jordan",WR,DEN,17,"6'4""",225 lbs,4/18/98
"Humphrey, Marlon",CB,BAL,44,"6'0""",201 lbs,7/8/96
"Humphries, D.J.",OL,ARI,74,"6'5""",307 lbs,12/28/93
"Hunt, Robert",OL,MIA,68,"6'6""",330 lbs,8/25/96
"Hunter, Danielle",LB,MIN,99,"6'5""",263 lbs,10/29/94
"Huntley, Tyler",QB,BAL,2,"6'1""",204 lbs,2/3/98
"Hurd, Jalen",WR,NE,13,"6'5""",230 lbs,1/23/96
"Hurst, Hayden",TE,CAR,81,"6'4""",245 lbs,8/24/93
"Hurst, James",OL,NO,74,"6'5""",310 lbs,12/17/91
"Hurst II, Maurice",DT,CLE,90,"6'2""",290 lbs,5/9/95
"Hurts, Jalen",QB,PHI,1,"6'1""",223 lbs,8/7/98
"Hutchinson, Aidan",DL,DET,97,"6'7""",268 lbs,8/9/00
"Hutchinson, Xavier",WR,HOU,19,"6'3""",205 lbs,6/1/00
"Hyatt, Jalin",WR,NYG,13,"6'0""",185 lbs,9/25/01
"Hyde, Micah",S,BUF,23,"6'0""",197 lbs,12/31/90
"Hyder Jr., Kerry",DL,SF,92,"6'2""",275 lbs,5/2/91
"Ifedi, Germain",G,BUF,68,"6'5""",325 lbs,6/2/94
"Igbinoghene, Noah",CB,DAL,19,"5'11""",197 lbs,11/27/99
"Ika, Siaki",DT,CLE,62,"6'3""",335 lbs,11/8/00
"Incoom, Thomas",LB,DEN,59,"6'2""",265 lbs,2/19/99
"Ingold, Alec",FB,MIA,30,"6'1""",232 lbs,7/9/96
"Ingram, Ed",G,MIN,67,"6'3""",307 lbs,2/11/99
"Ingram, Keaontay",RB,ARI,30,"6'0""",221 lbs,10/26/99
"Iosivas, Andrei",WR,CIN,80,"6'3""",205 lbs,10/15/99
"Irwin, Trenton",WR,CIN,16,"6'2""",200 lbs,12/10/95
"Ismael, Keith",OL,ARI,60,"6'3""",309 lbs,7/25/98
"Ivey, DJ",CB,CIN,38,"6'1""",192 lbs,2/25/00
"Izien, Christian",S,TB,29,"5'8""",197 lbs,6/8/00
"Jackson, Adoree'",CB,NYG,22,"5'11""",185 lbs,9/18/95
"Jackson, Alaric",OL,LAR,77,"6'7""",285 lbs,7/14/98
"Jackson, Austin",OL,MIA,73,"6'5""",320 lbs,8/11/99
"Jackson, Dane",CB,BUF,30,"5'11""",180 lbs,11/29/96
"Jackson, Deon",RB,IND,35,"5'11""",216 lbs,2/18/99
"Jackson, D'Marco",LB,NO,52,"6'1""",233 lbs,7/20/98
"Jackson, Donte",CB,CAR,26,"5'10""",180 lbs,11/8/95
"Jackson, Drake",DL,SF,95,"6'4""",273 lbs,4/12/01
"Jackson, Eddie",DB,CHI,4,"6'0""",206 lbs,12/10/93
"Jackson, J.C.",CB,LAC,27,"6'1""",198 lbs,11/17/95
"Jackson, Jonah",G,DET,73,"6'4""",311 lbs,2/5/97
"Jackson, Kareem",S,DEN,22,"5'10""",183 lbs,4/10/88
"Jackson, Kearis",WR,TEN,5,"5'11""",196 lbs,12/9/99
"Jackson, Lamar",QB,BAL,8,"6'2""",215 lbs,1/7/97
"Jackson, Matthew",S,TEN,39,"6'1""",209 lbs,11/9/98
"Jackson, Mike",CB,SEA,30,"6'1""",210 lbs,1/10/97
"Jackson, Theo",S,MIN,25,"6'1""",198 lbs,10/2/98
"Jacobs, Jerry",CB,DET,23,"5'11""",203 lbs,9/26/97
"Jacobs, Josh",RB,LV,8,"5'10""",223 lbs,2/11/98
"Jaimes, Brenden",G,LAC,64,"6'5""",300 lbs,5/28/99
"James, Andre",C,LV,68,"6'4""",300 lbs,5/2/97
"James, Richie",WR,KC,17,"5'9""",185 lbs,9/5/95
"James Jr., Derwin",S,LAC,3,"6'2""",215 lbs,8/3/96
"Jamison, D'Shawn",CB,CAR,29,"5'9""",186 lbs,6/4/99
"Jansen, JJ",LS,CAR,44,"6'2""",235 lbs,1/20/86
"Jarrett, Grady",DL,ATL,97,"6'0""",305 lbs,4/28/93
"Jarrett, Rakim",WR,TB,18,"6'0""",190 lbs,1/24/01
"Jefferson, Justin",WR,MIN,18,"6'1""",195 lbs,6/16/99
"Jefferson, Quinton",DL,NYJ,70,"6'4""",291 lbs,3/31/93
"Jefferson, Van",WR,LAR,12,"6'1""",200 lbs,7/26/96
"Jenkins, Elgton",G,GB,74,"6'5""",311 lbs,12/26/95
"Jenkins, John",DT,LV,95,"6'3""",327 lbs,7/11/89
"Jenkins, Rayshawn",S,JAC,2,"6'1""",200 lbs,1/25/94
"Jenkins, Teven",OL,CHI,76,"6'6""",321 lbs,3/3/98
"Jennings, Anfernee",LB,NE,33,"6'3""",255 lbs,9/1/97
"Jennings, Jauan",WR,SF,15,"6'3""",212 lbs,7/10/97
"Jensen, Nash",G,CAR,66,"6'4""",328 lbs,5/7/99
"Jensen, Ryan",C,TB,66,"6'4""",319 lbs,5/27/91
"Jeudy, Jerry",WR,DEN,10,"6'1""",193 lbs,4/24/99
"Jewell, Josey",LB,DEN,47,"6'2""",236 lbs,12/25/94
"Jobe, Josh",CB,PHI,28,"5'11""",190 lbs,4/9/98
"Johnson, Antonio",S,JAC,26,"6'3""",195 lbs,10/29/01
"Johnson, Austin",DL,LAC,98,"6'4""",314 lbs,5/8/94
"Johnson, Brandon",WR,DEN,89,"6'2""",195 lbs,7/26/98
"Johnson, Caleb",LB,JAC,57,"6'2""",220 lbs,7/28/98
"Johnson, Danny",CB,WAS,36,"5'9""",190 lbs,11/17/95
"Johnson, D'Ernest",RB,JAC,25,"5'10""",208 lbs,2/27/96
"Johnson, Desjuan",DE,LAR,94,"6'3""",252 lbs,9/2/99
"Johnson, Diontae",WR,PIT,18,"5'10""",183 lbs,7/5/96
"Johnson, DJ",LB,CAR,52,"6'4""",260 lbs,10/21/98
"Johnson, Fred",OT,PHI,74,"6'7""",326 lbs,6/5/97
"Johnson, Jakob",FB,LV,45,"6'3""",255 lbs,12/15/94
"Johnson, Jaylon",DB,CHI,33,"6'0""",196 lbs,4/19/99
"Johnson, Jermaine",DE,NYJ,11,"6'5""",262 lbs,1/7/99
"Johnson, Josh",QB,BAL,17,"6'3""",214 lbs,5/15/86
"Johnson, Juwan",TE,NO,83,"6'4""",231 lbs,9/13/96
"Johnson, Lane",OT,PHI,65,"6'6""",325 lbs,5/8/90
"Johnson, Nazeeh",S,KC,13,"5'10""",199 lbs,7/17/98
"Johnson, Patrick",LB,PHI,48,"6'2""",248 lbs,1/10/98
"Johnson, Quindell",DB,CHI,26,"6'2""",208 lbs,11/5/99
"Johnson, Roderick",OT,PHI,66,"6'7""",301 lbs,11/28/95
"Johnson, Roschon",RB,CHI,23,"6'0""",225 lbs,1/31/01
"Johnson, Taron",CB,BUF,7,"5'11""",192 lbs,7/27/96
"Johnson, Zion",G,LAC,77,"6'3""",316 lbs,11/18/99
"Johnson II, Eric",DT,IND,93,"6'4""",299 lbs,7/16/98
"Johnson III, John",DB,LAR,43,"6'0""",209 lbs,12/19/95
"Johnson Jr., Anthony",S,GB,36,"6'0""",205 lbs,12/2/99
"Johnson Jr., Lonnie",CB,NO,28,"6'2""",213 lbs,11/4/95
"Johnson Jr., Paris",OL,ARI,70,"6'6""",313 lbs,7/3/01
"Johnston, Cameron",P,HOU,11,"5'11""",194 lbs,2/24/92
"Johnston, Quentin",WR,LAC,1,"6'4""",215 lbs,9/6/01
"Jonathan, Kingsley",DE,BUF,59,"6'4""",260 lbs,4/28/98
"Jones, Aaron",RB,GB,33,"5'9""",208 lbs,12/2/94
"Jones, Benito",DL,DET,94,"6'1""",335 lbs,11/27/97
"Jones, Brandon",S,MIA,29,"6'1""",190 lbs,4/2/98
"Jones, Braxton",OL,CHI,70,"6'5""",310 lbs,3/27/99
"Jones, Broderick",OT,PIT,77,"6'5""",311 lbs,5/16/01
"Jones, Caleb",OT,GB,72,"6'9""",370 lbs,2/10/99
"Jones, Cam",LB,KC,44,"6'2""",227 lbs,10/21/99
"Jones, Chandler",DE,LV,55,"6'5""",265 lbs,2/27/90
"Jones, Charlie",WR,CIN,15,"6'0""",183 lbs,10/29/98
"Jones, Chris",DT,KC,95,"6'6""",310 lbs,7/3/94
"Jones, D.J.",DT,DEN,93,"6'0""",305 lbs,1/19/95
"Jones, Daniel",QB,NYG,8,"6'5""",230 lbs,5/27/97
"Jones, DaQuan",DT,BUF,92,"6'4""",320 lbs,12/27/91
"Jones, Dawand",OT,CLE,79,"6'8""",374 lbs,8/6/01
"Jones, Dre'Mont",DE,SEA,55,"6'3""",281 lbs,1/5/97
"Jones, Ernest",LB,LAR,53,"6'2""",230 lbs,11/22/99
"Jones, Jack",DB,NE,13,"5'11""",180 lbs,12/20/97
"Jones, Jaylon",DB,CHI,31,"5'11""",190 lbs,10/14/97
"Jones, Jaylon",CB,IND,40,"6'2""",203 lbs,4/3/02
"Jones, Jonathan",DB,NE,31,"5'10""",185 lbs,9/20/93
"Jones, Josh",OT,HOU,74,"6'5""",319 lbs,6/22/97
"Jones, Justin",DL,CHI,93,"6'3""",309 lbs,8/28/96
"Jones, Mac",QB,NE,10,"6'3""",220 lbs,9/5/98
"Jones, Marcus",DB,NE,25,"5'8""",188 lbs,10/22/98
"Jones, Naquan",DT,TEN,90,"6'3""",313 lbs,2/5/98
"Jones, Nic",CB,KC,31,"6'0""",189 lbs,10/15/01
"Jones, Robert",OL,MIA,65,"6'4""",325 lbs,1/28/99
"Jones, Ronald",RB,DAL,32,"5'11""",208 lbs,8/3/97
"Jones, Tim",WR,JAC,15,"6'1""",200 lbs,5/15/98
"Jones, Travis",DT,BAL,98,"6'4""",338 lbs,10/15/99
"Jones, Zay",WR,JAC,7,"6'2""",200 lbs,3/30/95
"Jones II, Patrick",LB,MIN,91,"6'4""",264 lbs,9/29/98
"Jones Jr., Andre",DE,WAS,50,"6'5""",258 lbs,10/25/98
"Jones Jr., Marvin",WR,DET,0,"6'2""",199 lbs,3/12/90
"Jones Jr., Velus",WR,CHI,12,"6'0""",200 lbs,5/11/97
"Jordan, Brevin",TE,HOU,9,"6'3""",245 lbs,7/16/00
"Jordan, Cameron",DE,NO,94,"6'4""",287 lbs,7/10/89
"Joseph, Greg",K,MIN,1,"6'0""",206 lbs,8/4/94
"Joseph, Kelvin",CB,MIA,9,"6'1""",192 lbs,11/11/99
"Joseph, Kerby",S,DET,31,"6'1""",203 lbs,11/14/00
"Joseph-Day, Sebastian",DL,LAC,51,"6'4""",310 lbs,3/21/95
"Judon, Matthew",LB,NE,9,"6'3""",270 lbs,8/15/92
"Junior, Gregory",CB,JAC,34,"6'0""",190 lbs,6/21/99
"Jurgens, Cam",C,PHI,51,"6'3""",303 lbs,8/21/99
"Juszczyk, Kyle",FB,SF,44,"6'2""",235 lbs,4/23/91
"Kamara, Alvin",RB,NO,41,"5'10""",215 lbs,7/25/95
"Kancey, Calijah",DL,TB,94,"6'1""",281 lbs,3/1/01
"Kareem, Khalid",DL,CHI,52,"6'4""",268 lbs,4/28/98
"Karlaftis, George",DE,KC,56,"6'4""",263 lbs,4/3/01
"Karras, Ted",C,CIN,64,"6'4""",310 lbs,3/15/93
"Kazee, Damontae",S,PIT,23,"5'11""",174 lbs,6/5/93
"Kearse, Jayron",S,DAL,1,"6'4""",215 lbs,2/11/94
"Keenum, Case",QB,HOU,18,"6'1""",206 lbs,2/17/88
"Kelce, Jason",C,PHI,62,"6'3""",295 lbs,11/5/87
"Kelce, Travis",TE,KC,87,"6'5""",250 lbs,10/5/89
"Kelley, Joshua",RB,LAC,25,"5'11""",212 lbs,11/20/97
"Kelly, Kyu Blu",CB,SEA,28,"6'0""",193 lbs,5/22/01
"Kelly, Ryan",C,IND,78,"6'4""",307 lbs,5/30/93
"Kendall, Anthony",CB,TEN,40,"5'10""",177 lbs,12/17/99
"Kendrick, Derion",DB,LAR,1,"6'0""",190 lbs,8/24/00
"Kendricks, Eric",LB,LAC,6,"6'0""",232 lbs,2/29/92
"Key, Arden",LB,TEN,49,"6'5""",240 lbs,5/3/96
"Keyes, BoPete",CB,CLE,30,"6'1""",202 lbs,11/9/97
"Kieft, Ko",TE,TB,41,"6'5""",265 lbs,1/20/98
"Killebrew, Miles",S,PIT,28,"6'2""",222 lbs,5/10/93
"Kincaid, Dalton",TE,BUF,86,"6'4""",240 lbs,10/18/99
"King II, Desmond",DB,PIT,25,"5'10""",200 lbs,12/14/94
"Kinlaw, Javon",DT,SF,99,"6'5""",319 lbs,10/3/97
"Kirk, Christian",WR,JAC,13,"5'11""",200 lbs,11/18/96
"Kirkwood, Keith",WR,NO,18,"6'3""",210 lbs,12/26/94
"Kittle, George",TE,SF,85,"6'4""",250 lbs,10/9/93
"Kmet, Cole",TE,CHI,85,"6'6""",260 lbs,3/10/99
"Knox, Dawson",TE,BUF,88,"6'4""",254 lbs,11/14/96
"Kohou, Kader",CB,MIA,4,"5'10""",193 lbs,11/28/98
"Kolar, Charlie",TE,BAL,88,"6'6""",257 lbs,2/10/99
"Koo, Younghoe",K,ATL,6,"5'9""",185 lbs,8/3/94
"Koonce, Malcolm",DE,LV,51,"6'3""",250 lbs,6/6/98
"Kpassagnon, Tanoh",DE,NO,92,"6'7""",289 lbs,6/14/94
"Kraft, Tucker",TE,GB,85,"6'5""",259 lbs,11/3/00
"Kramer, Doug",OL,CHI,68,"6'2""",300 lbs,6/4/98
"Kreiter, Casey",LS,NYG,59,"6'1""",250 lbs,8/13/90
"Kroft, Tyler",TE,MIA,82,"6'6""",252 lbs,10/15/92
"Kunaszyk, Jordan",LB,CLE,51,"6'3""",235 lbs,10/15/96
"Kuntz, Christian",LS,PIT,46,"6'1""",228 lbs,4/13/94
"Kupp, Cooper",WR,LAR,10,"6'2""",208 lbs,6/15/93
"Lacy, Tyler",DE,JAC,93,"6'4""",285 lbs,11/10/99
"Lake, Quentin",DB,LAR,37,"6'1""",201 lbs,1/29/99
"Lamb, CeeDee",WR,DAL,88,"6'2""",200 lbs,4/8/99
"Lamm, Kendall",OT,MIA,70,"6'5""",308 lbs,6/5/92
"Lammons, Chris",DB,IND,34,"5'10""",190 lbs,1/31/96
"Lance, Trey",QB,DAL,15,"6'4""",226 lbs,5/9/00
"Land, Isaiah",LB,IND,55,"6'4""",225 lbs,2/5/00
"Landman, Nate",LB,ATL,53,"6'3""",235 lbs,11/19/98
"Landry III, Harold",LB,TEN,58,"6'2""",252 lbs,6/5/96
"LaPorta, Sam",TE,DET,87,"6'3""",245 lbs,1/12/01
"Larsen, Tyler",C,WAS,69,"6'4""",335 lbs,7/8/91
"Lattimore, Marshon",CB,NO,23,"6'0""",192 lbs,5/19/96
"Latu, Cameron",TE,SF,81,"6'5""",244 lbs,2/24/00
"Lawrence, Demarcus",DE,DAL,90,"6'3""",265 lbs,4/28/92
"Lawrence, Dexter",DL,NYG,97,"6'4""",342 lbs,11/12/97
"Lawrence, Trevor",QB,JAC,16,"6'6""",220 lbs,10/6/99
"Lawson, Carl",DL,NYJ,58,"6'2""",265 lbs,6/29/95
"Lawson, Shaq",DE,BUF,90,"6'3""",265 lbs,6/17/94
"Layne, Raheem",S,LAC,41,"5'11""",192 lbs,7/2/99
"Lazard, Allen",WR,NYJ,10,"6'5""",227 lbs,12/11/95
"Leal, DeMarvin",DE,PIT,98,"6'4""",290 lbs,7/1/00
"Leavitt, Dallin",S,GB,6,"5'10""",195 lbs,8/8/94
"Ledbetter, Jeremiah",DL,JAC,99,"6'3""",299 lbs,6/2/94
"Ledbetter, Jonathan",DL,ARI,93,"6'4""",282 lbs,9/12/97
"Lee, Ricky",OT,CAR,61,"6'5""",289 lbs,11/16/99
"Lemieux, Shane",G,NYG,66,"6'4""",310 lbs,5/12/97
"Leno Jr., Charles",OT,WAS,72,"6'3""",302 lbs,10/9/91
"Lenoir, Deommodore",DB,SF,2,"5'10""",200 lbs,10/6/99
"Leo, Titus",DE,IND,91,"6'3""",245 lbs,8/26/99
"Leonard, Deane",DB,LAC,33,"6'0""",195 lbs,11/20/99
"Leonard, Shaquille",LB,IND,53,"6'2""",230 lbs,7/27/95
"Leverett, Nick",G,TB,60,"6'4""",310 lbs,1/11/97
"Levin, Corey",C,TEN,62,"6'4""",307 lbs,8/12/94
"Levis, Will",QB,TEN,8,"6'4""",229 lbs,6/27/99
"Lewis, Cam",CB,BUF,39,"5'9""",183 lbs,4/13/97
"Lewis, Damien",G,SEA,68,"6'2""",327 lbs,3/21/97
"Lewis, Jourdan",CB,DAL,2,"5'10""",195 lbs,8/31/95
"Lewis, Marcedes",TE,CHI,84,"6'6""",265 lbs,5/19/84
"Lewis, Tyquan",DE,IND,94,"6'3""",267 lbs,1/30/95
"Likely, Isaiah",TE,BAL,80,"6'4""",241 lbs,4/18/00
"Linderbaum, Tyler",C,BAL,64,"6'2""",305 lbs,4/7/00
"Lindstrom, Chris",G,ATL,63,"6'3""",307 lbs,2/28/97
"Linsley, Corey",C,LAC,63,"6'3""",301 lbs,7/27/91
"Little, Walker",OL,JAC,72,"6'7""",325 lbs,4/1/99
"Littleton, Cory",LB,HOU,42,"6'3""",225 lbs,11/18/93
"Lloyd, Devin",LB,JAC,33,"6'3""",235 lbs,9/30/98
"Lock, Drew",QB,SEA,2,"6'4""",228 lbs,11/10/96
"Locke, P.J.",S,DEN,6,"5'10""",202 lbs,2/12/97
"Lockett, Tyler",WR,SEA,16,"5'10""",182 lbs,9/28/92
"London, Drake",WR,ATL,5,"6'4""",213 lbs,7/24/01
"Long, Hunter",TE,LAR,84,"6'5""",253 lbs,8/19/98
"Long Jr., David",CB,LV,23,"5'11""",196 lbs,2/6/98
"Long Jr., David",LB,MIA,51,"5'11""",227 lbs,10/12/96
"Loudermilk, Isaiahh",DT,PIT,92,"6'7""",293 lbs,10/10/97
"Lovato, Rick",LS,PHI,45,"6'2""",249 lbs,9/9/92
"Love, Jordan",QB,GB,10,"6'4""",219 lbs,11/2/98
"Love, Julian",S,SEA,20,"5'11""",195 lbs,3/19/98
"Lowe, Vederian",OT,NE,59,"6'6""",320 lbs,4/17/99
"Lowry, Dean",DL,MIN,94,"6'6""",296 lbs,6/9/94
"Lucas, Abraham",OT,SEA,72,"6'6""",322 lbs,10/25/98
"Lucas, Cornelius",OT,WAS,78,"6'8""",327 lbs,7/18/91
"Luepke, Hunter",RB,DAL,40,"6'1""",238 lbs,2/28/00
"Luketa, Jesse",LB,ARI,43,"6'3""",253 lbs,1/15/99
"Luter Jr., Darrell",CB,SF,28,"6'0""",190 lbs,4/24/00
"Lutz, Wil",K,DEN,16,"5'11""",184 lbs,7/7/94
"Luvu, Frankie",LB,CAR,49,"6'3""",235 lbs,9/19/96
"Lynch, James",DL,MIN,92,"6'4""",295 lbs,1/20/99
"Mack, Khalil",LB,LAC,52,"6'3""",269 lbs,2/22/91
"Mack, Marlon",RB,ARI,32,"5'11""",210 lbs,3/7/96
"Maddox, Avonte",CB,PHI,29,"5'9""",184 lbs,3/31/96
"Madubuike, Justin",DT,BAL,92,"6'3""",305 lbs,11/17/97
"Mafe, Boye",LB,SEA,53,"6'4""",261 lbs,11/30/98
"Mafi, Atonio",OL,NE,68,"6'3""",330 lbs,10/20/00
"Maher, Brett",K,LAR,8,"6'0""",180 lbs,11/21/89
"Mahomes, Patrick",QB,KC,15,"6'2""",225 lbs,9/17/95
"Mailata, Jordan",OT,PHI,68,"6'8""",365 lbs,3/31/97
"Mallory, Will",TE,IND,86,"6'4""",239 lbs,6/22/99
"Malone, DeAngelo",LB,ATL,51,"6'4""",240 lbs,7/12/99
"Manhertz, Chris",TE,DEN,84,"6'6""",235 lbs,4/10/92
"Manning, Ilm",OL,ARI,73,"6'2""",294 lbs,7/23/99
"Mapu, Marte",LB,NE,30,"6'3""",230 lbs,11/8/99
"Mariota, Marcus",QB,PHI,8,"6'4""",222 lbs,10/30/93
"Marshall Jr., Terrace",WR,CAR,88,"6'2""",200 lbs,6/9/00
"Martin, Brodric",DL,DET,98,"6'5""",330 lbs,5/24/99
"Martin, Jacob",DE,IND,92,"6'2""",242 lbs,12/11/95
"Martin, Jartavius",DB,WAS,20,"6'0""",195 lbs,4/17/00
"Martin, Sam",P,BUF,8,"6'1""",211 lbs,2/27/90
"Martin, Zack",G,DAL,70,"6'4""",315 lbs,11/20/90
"Mason, Jordan",RB,SF,24,"5'11""",223 lbs,5/24/99
"Mason, Shaq",G,HOU,69,"6'1""",310 lbs,8/28/93
"Masterson, Luke",LB,LV,59,"6'1""",220 lbs,1/7/98
"Matakevich, Tyler",LB,BUF,44,"6'1""",235 lbs,12/22/92
"Mathieu, Tyrann",S,NO,32,"5'9""",190 lbs,5/13/92
"Mathis, Damarri",CB,DEN,27,"5'11""",195 lbs,4/12/99
"Mathis, Ochaun",LB,LAR,32,"6'5""",260 lbs,1/9/99
"Mathis, Phidarian",DT,WAS,98,"6'4""",312 lbs,4/26/98
"Matiscik, Ross",LS,JAC,46,"6'0""",240 lbs,9/13/96
"Matlock, Scott",DL,LAC,99,"6'4""",296 lbs,6/28/00
"Matthew, Christian",CB,ARI,35,"6'2""",195 lbs,10/26/96
"Matthews, Jake",OT,ATL,70,"6'5""",309 lbs,2/11/92
"Matthews, Jesse",WR,HOU,41,"6'0""",190 lbs,8/12/99
"Mattison, Alexander",RB,MIN,2,"5'11""",215 lbs,6/19/98
"Mauch, Cody",G,TB,69,"6'5""",302 lbs,1/15/99
"Maulet, Arthur",CB,BAL,10,"5'9""",190 lbs,7/13/93
"Maxwell, Devonnsha",DT,CIN,69,"6'2""",297 lbs,5/5/99
"Maye, Marcus",S,NO,6,"6'0""",207 lbs,3/9/93
"Mayer, Michael",TE,LV,87,"6'4""",265 lbs,7/6/01
"Mayfield, Baker",QB,TB,6,"6'1""",215 lbs,4/14/95
"Mayo, David",LB,WAS,51,"6'2""",240 lbs,8/18/93
"Mays, Cade",G,CAR,68,"6'6""",325 lbs,4/26/99
"McBride, Trey",TE,ARI,85,"6'4""",246 lbs,11/22/99
"McCaffrey, Christian",RB,SF,23,"5'11""",210 lbs,6/7/96
"McCain, Bobby",S,NYG,21,"5'9""",196 lbs,8/18/93
"McCain III, Mac",CB,CAR,35,"6'0""",175 lbs,2/6/98
"McClendon, Warren",OL,LAR,71,"6'4""",300 lbs,4/11/01
"McCloud, Nick",CB,NYG,44,"6'1""",190 lbs,7/9/98
"McCloud III, Ray-Ray",WR,SF,3,"5'9""",190 lbs,10/15/96
"McCollum, Zyon",CB,TB,27,"6'2""",199 lbs,5/3/99
"McCoy, Erik",C,NO,78,"6'4""",303 lbs,8/27/97
"McCreary, Roger",CB,TEN,21,"5'11""",190 lbs,2/10/00
"McCullough, Liam",LS,ATL,49,"6'2""",247 lbs,6/5/97
"McDonald IV, Will",DL,NYJ,99,"6'3""",241 lbs,6/4/99
"McDuffie, Isaiah",LB,GB,58,"6'1""",227 lbs,7/21/99
"McDuffie, Trent",CB,KC,22,"5'11""",193 lbs,9/13/00
"McFadden, Jordan",OL,LAC,71,"6'2""",303 lbs,11/16/99
"McFadden, Micah",LB,NYG,41,"6'2""",232 lbs,1/3/00
"McFarland Jr., Anthony",RB,PIT,26,"5'8""",193 lbs,3/4/99
"McGary, Kaleb",OT,ATL,76,"6'6""",306 lbs,2/22/95
"McGlinchey, Mike",OT,DEN,69,"6'8""",315 lbs,1/12/95
"McGovern, Connor",G,BUF,66,"6'5""",318 lbs,11/3/97
"McGovern, Connor",C,NYJ,60,"6'4""",306 lbs,4/27/93
"McGrone, Cameron",LB,IND,59,"6'1""",236 lbs,6/22/00
"McGuire, Isaiah",DE,CLE,57,"6'4""",268 lbs,7/27/01
"McIntosh, Kenny",RB,SEA,25,"6'0""",204 lbs,3/3/00
"McKee, Tanner",QB,PHI,19,"6'6""",231 lbs,4/27/00
"McKenzie, Isaiah",WR,IND,6,"5'8""",173 lbs,4/9/95
"McKethan, Marcus",OL,NYG,60,"6'7""",335 lbs,5/19/00
"McKinley III, Verone",S,MIA,32,"5'10""",190 lbs,6/29/00
"McKinney, Xavier",S,NYG,29,"6'0""",201 lbs,8/8/98
"McKinnon, Jerick",RB,KC,1,"5'9""",209 lbs,5/3/92
"McKitty, Tre'",TE,LAC,88,"6'4""",246 lbs,1/12/99
"McKivitz, Colton",OL,SF,68,"6'6""",301 lbs,8/9/96
"McLaughlin, Chase",K,TB,4,"6'1""",190 lbs,4/9/96
"McLaughlin, Jaleel",RB,DEN,38,"5'7""",187 lbs,9/13/00
"McLaurin, Terry",WR,WAS,17,"6'0""",210 lbs,9/15/95
"McLeod, Rodney",S,CLE,26,"5'10""",185 lbs,6/23/90
"McManus, Brandon",K,JAC,10,"6'3""",201 lbs,7/25/91
"McMillan, Raekwon",LB,NE,50,"6'2""",250 lbs,11/17/95
"McMillian, Ja'Quan",CB,DEN,29,"5'10""",183 lbs,6/4/00
"McNeill, Alim",DL,DET,54,"6'2""",315 lbs,5/11/00
"McPhearson, Zech",CB,PHI,27,"5'11""",191 lbs,3/21/98
"McPherson, Evan",K,CIN,2,"5'11""",185 lbs,7/21/99
"Meinerz, Quinn",G,DEN,77,"6'3""",320 lbs,11/15/98
"Mekari, Patrick",OL,BAL,65,"6'4""",305 lbs,8/13/97
"Melifonwu, Ifeatu",S,DET,6,"6'3""",210 lbs,5/2/99
"Meredith, Jordan",G,LV,61,"6'2""",300 lbs,1/4/98
"Merritt, Kirk",WR,NO,33,"6'1""",214 lbs,1/5/97
"Merriweather, Kaevon",S,TB,26,"6'0""",207 lbs,12/20/99
"Metcalf, DK",WR,SEA,14,"6'4""",235 lbs,12/14/97
"Metchie III, John",WR,HOU,8,"5'11""",187 lbs,7/18/00
"Metellus, Josh",S,MIN,44,"5'11""",207 lbs,1/21/98
"Meyers, Jakobi",WR,LV,16,"6'2""",200 lbs,11/9/96
"Milano, Matt",LB,BUF,58,"6'0""",223 lbs,7/28/94
"Miller, Kendre",RB,NO,25,"6'0""",220 lbs,6/11/02
"Miller, Kolton",OT,LV,74,"6'8""",325 lbs,10/2/95
"Miller, Scott",WR,ATL,16,"5'9""",174 lbs,7/31/97
"Miller, Ventrell",LB,JAC,51,"6'0""",221 lbs,1/15/99
"Miller, Von",LB,BUF,40,"6'3""",250 lbs,3/26/89
"Mills, Davis",QB,HOU,10,"6'4""",225 lbs,10/21/98
"Mills, Jalen",DB,NE,2,"6'0""",200 lbs,4/6/94
"Milne, Dax",WR,WAS,15,"6'0""",190 lbs,6/23/99
"Mims Jr., Marvin",WR,DEN,19,"5'11""",182 lbs,3/19/02
"Mingo, Jonathan",WR,CAR,15,"6'2""",220 lbs,4/20/01
"Minshew, Gardner",QB,IND,10,"6'1""",225 lbs,5/16/96
"Mitchell, Cameron",CB,CLE,29,"5'11""",191 lbs,9/8/01
"Mitchell, Elijah",RB,SF,25,"5'10""",200 lbs,5/2/98
"Mitchell, James",TE,DET,82,"6'4""",246 lbs,8/11/99
"Mitchell, Keaton",RB,BAL,34,"5'8""",191 lbs,1/17/02
"Mitchell, Max",OL,NYJ,61,"6'6""",299 lbs,10/2/99
"Mixon, Joe",HB,CIN,28,"6'1""",220 lbs,7/24/96
"Moehrig, Tre'von",S,LV,25,"6'2""",202 lbs,6/16/99
"Molden, Elijah",CB,TEN,24,"5'10""",192 lbs,1/30/99
"Mone, Bryan",DT,SEA,91,"6'3""",345 lbs,10/20/95
"Montgomery, David",RB,DET,5,"5'11""",224 lbs,6/7/97
"Montgomery, Ty",WR,NE,14,"6'0""",220 lbs,1/22/93
"Moody, Jake",K,SF,4,"6'1""",210 lbs,11/23/99
"Mooney, Darnell",WR,CHI,11,"5'11""",173 lbs,10/29/97
"Moore, Chris",WR,TEN,11,"6'1""",200 lbs,6/16/93
"Moore, DJ",WR,CHI,2,"5'11""",210 lbs,4/14/97
"Moore, Elijah",WR,CLE,8,"5'10""",180 lbs,3/27/00
"Moore, Jaylon",OL,SF,76,"6'4""",311 lbs,1/9/98
"Moore, Jaylon",WR,JAC,83,"5'11""",198 lbs,7/1/97
"Moore, Nick",LS,BAL,46,"6'2""",260 lbs,12/9/92
"Moore, Rondale",WR,ARI,4,"5'7""",180 lbs,6/9/00
"Moore, Skyy",WR,KC,24,"5'10""",195 lbs,9/10/00
"Moore II, Kenny",CB,IND,23,"5'9""",190 lbs,8/23/95
"Moore Jr., Dan",OT,PIT,65,"6'5""",315 lbs,9/28/98
"Moreau, Fabian",CB,DEN,23,"6'0""",198 lbs,4/9/94
"Moreau, Foster",TE,NO,87,"6'4""",250 lbs,5/6/97
"Morris, Mike",DE,SEA,94,"6'6""",295 lbs,4/22/01
"Morris, Quintin",TE,BUF,85,"6'2""",252 lbs,1/21/99
"Morris, Wanya",OL,KC,64,"6'6""",307 lbs,10/10/00
"Morrow, Nicholas",LB,PHI,41,"6'0""",216 lbs,7/10/95
"Morse, Mitch",C,BUF,60,"6'6""",305 lbs,4/21/92
"Morstead, Thomas",P,NYJ,5,"6'4""",225 lbs,3/8/86
"Moseley, Emmanuel",CB,DET,4,"5'11""",195 lbs,3/25/96
"Moses, Morgan",OT,BAL,78,"6'6""",320 lbs,3/3/91
"Mosley, C.J.",LB,NYJ,57,"6'2""",231 lbs,6/19/92
"Moss, Riley",CB,DEN,37,"6'0""",193 lbs,3/3/00
"Moss, Zack",RB,IND,21,"5'9""",205 lbs,12/15/97
"Mostert, Raheem",RB,MIA,31,"5'10""",205 lbs,4/9/92
"Moton, Taylor",OT,CAR,72,"6'5""",325 lbs,8/18/94
"Mukuamu, Israel",S,DAL,24,"6'4""",205 lbs,11/28/99
"Mullen, Trayvon",CB,BAL,28,"6'2""",190 lbs,9/20/97
"Mullens, Nick",QB,MIN,12,"6'0""",210 lbs,3/21/95
"Muma, Chad",LB,JAC,48,"6'3""",239 lbs,8/18/99
"Mundt, Johnny",TE,MIN,86,"6'4""",233 lbs,11/23/94
"Munford Jr., Thayer",OT,LV,77,"6'6""",315 lbs,9/18/99
"Murchison, Larrell",DT,LAR,52,"6'2""",297 lbs,4/24/97
"Murphy, Caleb",LB,TEN,42,"6'3""",254 lbs,12/15/99
"Murphy, Myles",DE,CIN,99,"6'5""",270 lbs,1/3/02
"Murphy Jr., Byron",CB,MIN,7,"5'11""",190 lbs,1/18/98
"Murphy-Bunting, Sean",CB,TEN,0,"6'0""",195 lbs,6/19/97
"Murray, Eric",S,HOU,23,"5'11""",199 lbs,1/7/94
"Murray, Kyler",QB,ARI,1,"5'10""",207 lbs,8/7/97
"Murray, Latavius",RB,BUF,28,"6'3""",230 lbs,1/18/90
"Murray Jr., Kenneth",LB,LAC,9,"6'2""",241 lbs,11/16/98
"Muse, Nick",TE,MIN,34,"6'5""",252 lbs,11/25/98
"Muse, Tanner",LB,LAC,44,"6'2""",227 lbs,9/6/96
"Musgrave, Luke",TE,GB,88,"6'6""",253 lbs,9/2/00
"Myarick, Chris",FB,NYG,85,"6'5""",261 lbs,10/6/95
"Myers, Jason",K,SEA,5,"5'10""",190 lbs,5/12/91
"Myers, Josh",C,GB,71,"6'5""",310 lbs,7/16/98
"Nacua, Puka",WR,LAR,17,"6'2""",205 lbs,5/29/00
"Nailor, Jalen",WR,MIN,83,"6'0""",190 lbs,3/2/99
"Nasirildeen, Hamsah",LB,NYJ,45,"6'3""",215 lbs,1/17/99
"Neal, Evan",OT,NYG,73,"6'7""",350 lbs,9/19/00
"Neal, Keanu",S,PIT,31,"6'0""",211 lbs,7/26/95
"Neal, Ryan",S,TB,23,"6'3""",200 lbs,12/24/95
"Neal, Siran",CB,BUF,33,"6'0""",206 lbs,8/4/94
"Needham, Nik",CB,MIA,40,"6'1""",196 lbs,11/4/96
"Nelson, Anthony",LB,TB,98,"6'7""",271 lbs,3/4/97
"Nelson, Matt",OT,DET,67,"6'7""",315 lbs,12/19/95
"Nelson, Quenton",G,IND,56,"6'5""",330 lbs,3/19/96
"Nelson, Steven",CB,HOU,21,"5'11""",194 lbs,1/22/93
"Neuzil, Ryan",OL,ATL,64,"6'3""",301 lbs,7/31/97
"Newman, Royce",G,GB,70,"6'5""",310 lbs,8/17/97
"Newman, Xavier",C,TEN,67,"6'2""",297 lbs,8/4/99
"Newsome II, Greg",CB,CLE,0,"6'0""",192 lbs,5/18/00
"Ngakoue, Yannick",DL,CHI,91,"6'2""",246 lbs,3/31/95
"Niang, Lucas",OT,KC,77,"6'6""",315 lbs,8/19/98
"Nichols, Bilal",DT,LV,91,"6'3""",313 lbs,9/14/96
"Nickerson, Parry",CB,MIA,34,"5'10""",179 lbs,10/11/94
"Niemann, Nick",LB,LAC,31,"6'3""",244 lbs,12/2/97
"Nijman, Yosh",OT,GB,73,"6'7""",314 lbs,1/2/96
"Nixon, Keisean",CB,GB,25,"5'10""",200 lbs,6/22/97
"Njoku, David",TE,CLE,85,"6'4""",246 lbs,7/10/96
"Nnadi, Derrick",DT,KC,91,"6'1""",317 lbs,5/9/96
"Noteboom, Joe",OL,LAR,70,"6'5""",321 lbs,6/19/95
"Nunez-Roches, Rakeem",DT,NYG,93,"6'2""",307 lbs,7/3/93
"Nwangwu, Kene",RB,MIN,26,"6'1""",210 lbs,2/9/98
"Nwosu, Uchenna",LB,SEA,10,"6'2""",251 lbs,12/28/96
"Obada, Efe",DE,WAS,97,"6'6""",265 lbs,4/13/92
"O'Connell, Aidan",QB,LV,4,"6'3""",210 lbs,9/1/98
"Odenigbo, Ifeadi",DE,NYJ,92,"6'3""",258 lbs,4/8/94
"Odeyingbo, Dayo",DE,IND,54,"6'6""",286 lbs,9/24/99
"Odighizuwa, Osa",DT,DAL,97,"6'2""",280 lbs,8/13/98
"O'Donnell, Carter",OL,ARI,61,"6'5""",313 lbs,12/23/98
"Odum, George",S,SF,30,"6'1""",202 lbs,11/3/93
"Ogbah, Emmanuel",DE,MIA,91,"6'4""",275 lbs,11/6/93
"Ogbongbemiga, Amen",LB,LAC,57,"6'0""",231 lbs,9/4/98
"Ogbonnia, Otito",DL,LAC,93,"6'4""",320 lbs,8/25/00
"Ogletree, Drew",TE,IND,85,"6'5""",260 lbs,7/28/98
"Ogunbowale, Dare",RB,HOU,33,"5'11""",205 lbs,5/4/94
"Ogundeji, Adetokunbo",LB,ATL,92,"6'4""",268 lbs,10/9/98
"Ogunjobi, Larry",DT,PIT,99,"6'3""",305 lbs,6/3/94
"Ojabo, David",LB,BAL,90,"6'4""",265 lbs,5/17/00
"Ojomo, Moro",DT,PHI,72,"6'3""",292 lbs,8/15/01
"Ojulari, Azeez",LB,NYG,51,"6'3""",240 lbs,6/16/00
"Ojulari, BJ",LB,ARI,18,"6'2""",248 lbs,4/5/02
"Okereke, Bobby",LB,NYG,58,"6'1""",235 lbs,7/29/96
"Okonkwo, Chigoziem",TE,TEN,85,"6'3""",238 lbs,9/8/99
"Okorafor, Chukwuma",OL,PIT,76,"6'6""",320 lbs,8/8/97
"Okoronkwo, Ogbo",DE,CLE,54,"6'2""",250 lbs,4/24/95
"Okudah, Jeff",CB,ATL,1,"6'1""",202 lbs,2/2/99
"Okwara, Julian",LB,DET,99,"6'4""",239 lbs,12/27/97
"Okwara, Romeo",DL,DET,95,"6'4""",255 lbs,6/17/95
"Okwuegbunam, Albert",TE,PHI,85,"6'5""",258 lbs,4/25/98
"Olave, Chris",WR,NO,12,"6'0""",187 lbs,6/27/00
"Oliver, Ed",DT,BUF,91,"6'1""",287 lbs,12/12/97
"Oliver, Isaiah",CB,SF,26,"6'0""",202 lbs,9/30/96
"Oliver, Josh",TE,MIN,84,"6'5""",259 lbs,3/21/97
"Olszewski, Gunner",WR,PIT,89,"6'0""",190 lbs,11/26/96
"Olubi, Segun",LB,IND,50,"6'0""",225 lbs,11/1/99
"Oluokun, Foyesade",LB,JAC,23,"6'2""",230 lbs,8/2/95
"Oluwatimi, Olu",C,SEA,51,"6'3""",309 lbs,8/5/99
"Omenihu, Charles",DE,KC,90,"6'5""",280 lbs,8/20/97
"O'Neill, Brian",OT,MIN,75,"6'7""",310 lbs,9/15/95
"Onujiogu, Joshua",LB,SEA,49,"6'2""",252 lbs,3/24/98
"Onwenu, Mike",OL,NE,71,"6'3""",350 lbs,12/10/97
"Onwuzurike, Levi",DL,DET,91,"6'3""",290 lbs,3/3/98
"Onyemata, David",DL,ATL,90,"6'3""",300 lbs,11/13/92
"Opeta, Sua",G,PHI,78,"6'4""",305 lbs,8/15/96
"Orzech, Matthew",LS,GB,42,"6'3""",245 lbs,4/12/95
"Osborn, K.J.",WR,MIN,17,"5'11""",203 lbs,6/10/97
"Ossai, Joseph",DE,CIN,58,"6'4""",263 lbs,4/13/00
"Ott, Tyler",LS,BAL,69,"6'3""",252 lbs,2/28/92
"Otton, Cade",TE,TB,88,"6'5""",247 lbs,4/15/99
"Overshown, DeMarvion",LB,DAL,35,"6'2""",220 lbs,8/13/00
"Oweh, Odafe",LB,BAL,99,"6'5""",257 lbs,12/15/98
"Owens, Gervarrius",DB,NYG,39,"6'0""",200 lbs,10/14/99
"Owens, Jonathan",S,GB,34,"5'11""",210 lbs,7/22/95
"Owusu-Koramoah, Jeremiah",LB,CLE,6,"6'2""",221 lbs,11/4/99
"Pace Jr., Ivan",LB,MIN,40,"5'10""",231 lbs,12/16/00
"Pacheco, Isiah",RB,KC,10,"5'10""",216 lbs,3/2/99
"Palczewski, Alex",OT,DEN,63,"6'6""",314 lbs,8/3/99
"Palmer, Joshua",WR,LAC,5,"6'1""",210 lbs,9/22/99
"Palmer, Trey",WR,TB,10,"6'0""",192 lbs,4/2/01
"Pappoe, Owen",LB,ARI,44,"6'0""",225 lbs,9/29/00
"Parham, Dylan",G,LV,66,"6'3""",285 lbs,8/24/99
"Parham Jr., Donald",TE,LAC,89,"6'8""",237 lbs,8/16/97
"Parker, DeVante",WR,NE,1,"6'3""",215 lbs,1/20/93
"Parkinson, Colby",TE,SEA,84,"6'7""",251 lbs,1/8/99
"Parsons, Micah",LB,DAL,11,"6'3""",245 lbs,5/26/99
"Pascal, Zach",WR,ARI,0,"6'2""",215 lbs,12/18/94
"Paschal, Josh",DL,DET,93,"6'3""",274 lbs,12/17/99
"Patrick, Lucas",OL,CHI,62,"6'3""",313 lbs,7/30/93
"Patrick, Tim",WR,DEN,12,"6'4""",212 lbs,11/23/93
"Patterson, Cordarrelle",RB,ATL,84,"6'2""",220 lbs,3/17/91
"Patterson, Jarrett",C,HOU,68,"6'4""",310 lbs,9/1/99
"Patterson, Riley",K,DET,36,"6'0""",195 lbs,9/7/99
"Paul, Chris",G,WAS,75,"6'4""",324 lbs,11/19/98
"Paye, Kwity",DE,IND,51,"6'3""",265 lbs,11/19/98
"Payne, Daron",DT,WAS,94,"6'3""",320 lbs,5/27/97
"Peart, Matt",OT,NYG,74,"6'7""",318 lbs,6/11/97
"Peat, Andrus",G,NO,75,"6'7""",316 lbs,11/4/93
"Peevy, Jayden",DE,TEN,92,"6'5""",308 lbs,9/3/99
"Penning, Trevor",OT,NO,70,"6'7""",325 lbs,5/15/99
"Penny, Rashaad",RB,PHI,23,"5'11""",220 lbs,2/2/96
"Peoples-Jones, Donovan",WR,CLE,11,"6'2""",204 lbs,2/19/99
"Pepper, Taybor",LS,SF,46,"6'4""",245 lbs,5/28/94
"Peppers, Jabrill",DB,NE,5,"5'11""",217 lbs,10/4/95
"Perine, Samaje",RB,DEN,25,"5'10""",236 lbs,9/16/95
"Perry, A.T.",WR,NO,17,"6'5""",205 lbs,10/26/99
"Perryman, Denzel",LB,HOU,6,"5'11""",240 lbs,12/5/92
"Peterman, Nathan",QB,CHI,14,"6'2""",225 lbs,5/4/94
"Peters, Marcus",CB,LV,24,"6'0""",197 lbs,1/9/93
"Peterson, Patrick",CB,PIT,20,"6'1""",203 lbs,7/11/90
"Petit-Frere, Nicholas",OL,TEN,78,"6'5""",316 lbs,9/15/99
"Philips, Kyle",WR,TEN,18,"5'11""",189 lbs,6/17/99
"Phillips, Adrian",DB,NE,21,"5'11""",208 lbs,3/28/92
"Phillips, Del'Shawn",LB,BAL,53,"6'2""",230 lbs,10/9/96
"Phillips, Harrison",DL,MIN,97,"6'3""",307 lbs,1/25/96
"Phillips, Jacob",LB,CLE,50,"6'3""",228 lbs,4/1/99
"Phillips, Jaelan",LB,MIA,15,"6'5""",263 lbs,5/28/99
"Phillips, Jordan",DT,BUF,97,"6'6""",341 lbs,9/21/92
"Phillips, Kyle",DE,NO,91,"6'4""",277 lbs,5/5/97
"Phillips III, Clark",CB,ATL,34,"5'10""",183 lbs,12/19/01
"Pickens, George",WR,PIT,14,"6'3""",200 lbs,3/4/01
"Pickens, Zacch",DL,CHI,96,"6'4""",300 lbs,3/6/00
"Pickett, Kenny",QB,PIT,8,"6'3""",220 lbs,6/6/98
"Pierce, Alec",WR,IND,14,"6'3""",211 lbs,5/2/00
"Pierce, Dameon",RB,HOU,31,"5'10""",218 lbs,2/1/00
"Pierce, Michael",NT,BAL,58,"6'0""",355 lbs,11/6/92
"Pierre, James",CB,PIT,42,"6'2""",185 lbs,9/16/96
"Pili, Brandon",DT,MIA,96,"6'3""",319 lbs,4/2/99
"Pineiro, Eddy",K,CAR,4,"5'11""",190 lbs,9/13/95
"Pinion, Bradley",P,ATL,13,"6'5""",229 lbs,6/1/94
"Pinnock, Jason",S,NYG,27,"6'0""",205 lbs,6/30/99
"Pinter, Danny",G,IND,63,"6'4""",301 lbs,6/19/96
"Pipkins III, Trey",OT,LAC,79,"6'6""",307 lbs,9/5/96
"Pitre, Jalen",S,HOU,5,"5'11""",198 lbs,6/3/99
"Pittman, Anthony",LB,DET,57,"6'3""",242 lbs,11/24/96
"Pittman Jr., Michael",WR,IND,11,"6'4""",223 lbs,10/5/97
"Pitts, Derrek",CB,TB,38,"6'0""",177 lbs,8/8/98
"Pitts, Kyle",TE,ATL,8,"6'6""",246 lbs,10/6/00
"Pocic, Ethan",C,CLE,55,"6'6""",320 lbs,8/5/95
"Pola-Mao, Isaiah",S,LV,20,"6'4""",205 lbs,6/30/99
"Pollard, Tony",RB,DAL,20,"6'0""",209 lbs,4/30/97
"Porter Jr., Joey",CB,PIT,24,"6'2""",193 lbs,7/26/00
"Powell, Brandon",WR,MIN,4,"5'8""",181 lbs,9/12/95
"Powers, Ben",G,DEN,74,"6'4""",310 lbs,10/29/96
"Poyer, Jordan",S,BUF,21,"6'0""",191 lbs,4/25/91
"Prater, Matt",K,ARI,5,"5'10""",201 lbs,8/10/84
"Pratt, Germaine",LB,CIN,57,"6'3""",250 lbs,5/21/96
"Prentice, Adam",FB,NO,46,"6'0""",245 lbs,1/16/97
"Prescott, Dak",QB,DAL,4,"6'2""",238 lbs,7/29/93
"Prince, Isaiah",OL,ATL,75,"6'7""",305 lbs,7/29/97
"Pringle, Byron",WR,WAS,3,"6'1""",203 lbs,11/17/93
"Pruitt, MyCole",TE,ATL,85,"6'2""",258 lbs,3/24/92
"Pryor, Matt",OL,SF,75,"6'7""",332 lbs,12/16/94
"Purcell, Mike",DL,DEN,98,"6'3""",328 lbs,4/20/91
"Purdy, Brock",QB,SF,13,"6'1""",220 lbs,12/27/99
"Quarterman, Shaquille",LB,JAC,50,"6'0""",240 lbs,10/28/97
"Queen, Patrick",LB,BAL,6,"6'0""",230 lbs,8/13/99
"Quessenberry, David",OT,MIN,76,"6'5""",306 lbs,8/24/90
"Quessenberry, Scott",C,HOU,54,"6'3""",310 lbs,3/23/95
"Quitoriano, Teagan",TE,HOU,84,"6'6""",258 lbs,3/15/00
"Radunz, Dillon",OL,TEN,75,"6'6""",301 lbs,3/28/98
"Ragnow, Frank",C,DET,77,"6'5""",310 lbs,5/17/96
"Raimann, Bernhard",OT,IND,79,"6'6""",303 lbs,9/23/97
"Ramczyk, Ryan",OT,NO,71,"6'6""",314 lbs,4/22/94
"Ramsey, Jalen",CB,MIA,5,"6'1""",208 lbs,10/24/94
"Rankins, Sheldon",DT,HOU,98,"6'2""",305 lbs,4/4/94
"Rapp, Taylor",S,BUF,20,"6'0""",208 lbs,12/22/97
"Ray, Labryan",DT,CAR,93,"6'4""",290 lbs,12/5/97
"Raymond, Kalif",WR,DET,11,"5'8""",180 lbs,8/8/94
"Reader, DJ",DT,CIN,98,"6'3""",335 lbs,7/1/94
"Reagor, Jalen",WR,NE,-,"5'11""",197 lbs,1/2/99
"Reaves, Jeremy",S,WAS,39,"5'11""",200 lbs,8/29/96
"Reddick, Haason",LB,PHI,7,"6'1""",240 lbs,9/22/94
"Reed, D.J.",CB,NYJ,4,"5'9""",188 lbs,11/11/96
"Reed, Jarran",DE,SEA,90,"6'3""",306 lbs,12/16/92
"Reed, Jayden",WR,GB,11,"5'11""",187 lbs,4/28/00
"Reed II, Jerrick",S,SEA,32,"5'9""",196 lbs,8/7/00
"Reeder, Troy",LB,LAR,59,"6'3""",245 lbs,9/13/94
"Reese IV, Otis",LB,TEN,41,"6'3""",214 lbs,7/2/98
"Reeves-Maybin, Jalen",LB,DET,42,"6'1""",226 lbs,1/31/95
"Reid, Justin",S,KC,20,"6'1""",207 lbs,2/15/97
"Reiff, Riley",OL,NE,74,"6'6""",310 lbs,12/1/88
"Renfrow, Hunter",WR,LV,13,"5'10""",185 lbs,12/21/95
"Reynolds, Craig",RB,DET,13,"5'11""",216 lbs,6/15/96
"Reynolds, Josh",WR,DET,8,"6'3""",194 lbs,2/16/95
"Rhodes, Luke",LS,IND,46,"6'2""",238 lbs,12/2/92
"Rhyan, Sean",G,GB,75,"6'5""",321 lbs,9/15/00
"Ricard, Patrick",FB,BAL,42,"6'3""",305 lbs,5/27/94
"Ricci, Giovanni",TE,CAR,45,"6'3""",240 lbs,10/16/96
"Rice, Monty",LB,TEN,56,"6'0""",233 lbs,1/8/99
"Rice, Rashee",WR,KC,4,"6'1""",204 lbs,4/22/00
"Richards, Asim",OL,DAL,76,"6'4""",307 lbs,10/2/00
"Richardson, Anthony",QB,IND,5,"6'4""",244 lbs,5/22/01
"Ricks, Eli",CB,PHI,39,"6'2""",188 lbs,9/26/01
"Ridder, Desmond",QB,ATL,9,"6'3""",207 lbs,8/31/99
"Ridgeway, Hassan",DT,HOU,91,"6'3""",305 lbs,11/2/94
"Ridgeway, John",DT,WAS,91,"6'5""",321 lbs,5/7/99
"Ridley, Calvin",WR,JAC,0,"6'1""",190 lbs,12/20/94
"Riley, Duke",LB,MIA,45,"6'1""",227 lbs,8/9/94
"Riley, Elijah",S,PIT,37,"6'0""",205 lbs,6/12/98
"Riley, Jordon",DL,NYG,95,"6'5""",325 lbs,5/19/98
"Ringo, Kelee",CB,PHI,22,"6'2""",207 lbs,6/27/02
"Rivers, Derek",DE,HOU,95,"6'5""",250 lbs,5/9/94
"Rivers, Ronnie",RB,LAR,20,"5'9""",195 lbs,1/31/99
"Roach, Malcolm",DL,NO,97,"6'3""",290 lbs,6/9/98
"Robbins, Brad",P,CIN,10,"6'1""",205 lbs,10/6/98
"Roberts, Elandon",LB,PIT,50,"6'1""",238 lbs,4/22/94
"Roberts, Sam",DL,NE,96,"6'5""",300 lbs,4/14/98
"Robertson, Amik",CB,LV,21,"5'9""",183 lbs,7/6/98
"Robertson-Harris, Roy",DL,JAC,95,"6'5""",290 lbs,7/23/93
"Robinson, Aaron",CB,NYG,33,"6'1""",193 lbs,11/10/97
"Robinson, A'Shawn",DT,NYG,91,"6'3""",320 lbs,3/21/95
"Robinson, Bijan",RB,ATL,7,"5'11""",215 lbs,1/30/02
"Robinson, Brian",RB,WAS,8,"6'1""",228 lbs,3/22/99
"Robinson, Cam",OL,JAC,74,"6'6""",335 lbs,10/9/95
"Robinson, Demarcus",WR,LAR,15,"6'1""",203 lbs,9/21/94
"Robinson, Dominique",DL,CHI,90,"6'5""",253 lbs,7/2/98
"Robinson, Jammie",S,CAR,22,"5'11""",190 lbs,1/24/01
"Robinson, Mark",LB,PIT,93,"5'11""",235 lbs,8/14/99
"Robinson, Tavius",LB,BAL,95,"6'6""",258 lbs,1/3/99
"Robinson, Wan'Dale",WR,NYG,17,"5'8""",185 lbs,1/5/01
"Robinson II, Allen",WR,PIT,11,"6'2""",220 lbs,8/24/93
"Rodgers, Aaron",QB,NYJ,8,"6'2""",223 lbs,12/2/83
"Rodgers Sr., Isaiah",DB,PHI,-,"5'10""",170 lbs,1/7/98
"Rodriguez, Malcolm",LB,DET,44,"5'11""",234 lbs,3/29/99
"Rodriguez Jr., Christopher",RB,WAS,23,"5'11""",224 lbs,9/26/00
"Rogers, Armani",TE,WAS,88,"6'5""",225 lbs,12/4/97
"Ross, Justyn",WR,KC,8,"6'4""",210 lbs,12/15/99
"Rousseau, Greg",DE,BUF,50,"6'6""",266 lbs,4/5/00
"Roy, Jaquelin",DL,MIN,93,"6'3""",305 lbs,10/22/00
"Rozeboom, Christian",LB,LAR,56,"6'2""",230 lbs,1/30/97
"Ruckert, Jeremy",TE,NYJ,89,"6'5""",250 lbs,8/11/00
"Rudolph, Mason",QB,PIT,2,"6'5""",235 lbs,7/17/95
"Ruiz, Cesar",C,NO,51,"6'4""",316 lbs,6/14/99
"Rumph II, Chris",LB,LAC,94,"6'2""",244 lbs,10/19/98
"Runyan, Jon",G,GB,76,"6'4""",307 lbs,8/8/97
"Rush, Cooper",QB,DAL,10,"6'3""",225 lbs,11/21/93
"Rush, Darius",CB,KC,30,"6'2""",198 lbs,2/22/00
"Russell, Chapelle",LB,PIT,49,"6'1""",230 lbs,1/20/97
"Ryland, Chad",K,NE,37,"6'0""",195 lbs,10/15/99
"Rypien, Brett",QB,LAR,11,"6'2""",202 lbs,7/9/96
"Saldiveri, Nick",OL,NO,64,"6'6""",316 lbs,8/14/00
"Salyer, Jamaree",OL,LAC,68,"6'4""",325 lbs,7/13/00
"Sample, Cam",DE,CIN,96,"6'3""",272 lbs,9/20/99
"Sample, Drew",TE,CIN,89,"6'5""",255 lbs,4/16/96
"Samuel, Curtis",WR,WAS,4,"5'11""",195 lbs,8/11/96
"Samuel, Deebo",WR,SF,19,"6'0""",215 lbs,1/15/96
"Samuel Jr., Asante",CB,LAC,26,"5'10""",180 lbs,10/3/99
"Sanborn, Jack",LB,CHI,57,"6'2""",234 lbs,7/29/00
"Sanchez, Rigoberto",P,IND,8,"6'0""",195 lbs,9/8/94
"Sanders, Drew",LB,DEN,41,"6'5""",233 lbs,12/31/00
"Sanders, Jason",K,MIA,7,"5'11""",195 lbs,11/16/95
"Sanders, Miles",RB,CAR,6,"5'11""",210 lbs,5/1/97
"Sanders, Myjai",LB,ARI,41,"6'5""",248 lbs,7/12/98
"Santos, Cairo",K,CHI,8,"5'8""",175 lbs,11/12/91
"Sarell, Foster",OT,LAC,73,"6'6""",322 lbs,8/28/98
"Saunders, Khalen",DT,NO,99,"6'0""",324 lbs,8/9/96
"Savage, Darnell",S,GB,26,"5'11""",198 lbs,7/30/97
"Scaife Jr., DJ",OT,HOU,60,"6'3""",321 lbs,2/17/00
"Scales, Patrick",LS,CHI,48,"6'3""",226 lbs,2/11/88
"Scharping, Max",G,CIN,74,"6'6""",325 lbs,8/10/96
"Scherff, Brandon",OL,JAC,68,"6'5""",315 lbs,12/26/91
"Schlottmann, Austin",G,MIN,65,"6'6""",300 lbs,9/18/95
"Schmitz, John Michael",OL,NYG,61,"6'4""",310 lbs,3/19/99
"Schooler, Brenden",DB,NE,41,"6'1""",210 lbs,5/30/97
"Schoonmaker, Luke",TE,DAL,86,"6'5""",250 lbs,9/28/98
"Schultz, Dalton",TE,HOU,86,"6'5""",244 lbs,7/11/96
"Schwartz, Anthony",WR,CLE,10,"6'0""",186 lbs,9/5/00
"Schweitzer, Wes",OL,NYJ,71,"6'4""",300 lbs,9/11/93
"Scott, Boston",RB,PHI,35,"5'6""",203 lbs,4/27/95
"Scott, Daniel",S,IND,31,"6'1""",208 lbs,10/26/98
"Scott, JK",P,LAC,16,"6'5""",208 lbs,10/30/95
"Scott, Nick",S,CIN,33,"5'11""",200 lbs,5/17/95
"Scott, Trent",OT,WAS,73,"6'5""",320 lbs,1/25/94
"Scott, Tyler",WR,CHI,13,"5'11""",185 lbs,10/12/01
"Scott Jr., Eric",CB,DAL,37,"6'0""",197 lbs,8/7/98
"Scruggs, Juice",C,HOU,70,"6'3""",308 lbs,1/19/00
"Sermon, Trey",RB,PHI,22,"6'0""",215 lbs,1/30/99
"Settle, Tim",DT,BUF,99,"6'3""",313 lbs,7/11/97
"Seumalo, Isaac",G,PIT,73,"6'4""",303 lbs,10/29/93
"Sewell, Nephi",LB,NO,45,"6'0""",228 lbs,12/19/98
"Sewell, Noah",LB,CHI,44,"6'2""",253 lbs,4/26/02
"Sewell, Penei",OT,DET,58,"6'5""",335 lbs,10/9/00
"Seymour, Kevon",CB,BAL,25,"6'0""",188 lbs,11/30/93
"Shaheed, Rashid",WR,NO,22,"6'0""",180 lbs,8/31/98
"Shakir, Khalil",WR,BUF,10,"6'0""",190 lbs,2/3/00
"Sharpe, David",OT,CAR,74,"6'6""",343 lbs,10/21/95
"Shatley, Tyler",OL,JAC,69,"6'3""",305 lbs,5/5/91
"Shelley, Duke",DB,LAR,26,"5'8""",183 lbs,10/8/96
"Shelton, Coleman",OL,LAR,65,"6'4""",299 lbs,7/28/95
"Shenault Jr., Laviska",WR,CAR,5,"6'1""",220 lbs,10/5/98
"Shepard, Sterling",WR,NYG,3,"5'10""",196 lbs,2/10/93
"Shepherd, Nathan",DT,NO,93,"6'4""",315 lbs,10/9/93
"Sherfield, Trent",WR,BUF,16,"6'1""",205 lbs,2/26/96
"Sherwood, Jamien",LB,NYJ,44,"6'2""",216 lbs,1/12/00
"Shorter, Justin",WR,BUF,18,"6'4""",223 lbs,4/17/00
"Sieg, Trent",LS,DAL,44,"6'3""",240 lbs,5/19/95
"Sieler, Zach",DT,MIA,92,"6'6""",300 lbs,9/7/95
"Sills, Josh",G,IND,65,"6'6""",325 lbs,1/26/98
"Silvera, Nesta Jade",DT,LV,99,"6'2""",315 lbs,1/23/00
"Simmons, Isaiah",S,NYG,19,"6'4""",238 lbs,7/26/98
"Simmons, Jeffery",DT,TEN,98,"6'4""",305 lbs,7/28/97
"Simmons, Justin",S,DEN,31,"6'2""",202 lbs,11/19/93
"Simpson, John",G,BAL,76,"6'4""",330 lbs,8/19/97
"Simpson, Trenton",LB,BAL,30,"6'2""",238 lbs,6/14/01
"Sims, Ben",TE,GB,89,"6'5""",250 lbs,5/16/00
"Singletary, Devin",RB,HOU,26,"5'7""",203 lbs,9/3/97
"Singleton, Alex",LB,DEN,49,"6'2""",240 lbs,12/7/93
"Siposs, Arryn",P,PHI,10,"6'2""",212 lbs,11/25/92
"Skinner, JL",S,DEN,34,"6'4""",220 lbs,4/16/01
"Skoronski, Peter",OL,TEN,77,"6'4""",313 lbs,7/31/01
"Skowronek, Ben",WR,LAR,18,"6'3""",224 lbs,6/27/97
"Skule, Justin",OT,TB,77,"6'6""",315 lbs,11/23/96
"Slater, Matthew",WR,NE,18,"6'0""",205 lbs,9/9/85
"Slater, Rashawn",OT,LAC,70,"6'4""",315 lbs,3/26/99
"Slaton, T.J.",DL,GB,93,"6'4""",330 lbs,10/3/97
"Slay, Darius",CB,PHI,2,"6'0""",190 lbs,1/1/91
"Slayton, Darius",WR,NYG,86,"6'1""",194 lbs,1/12/97
"Slye, Joey",K,WAS,6,"5'11""",213 lbs,4/10/96
"Smartt, Stone",TE,LAC,84,"6'4""",226 lbs,10/4/98
"Smith, Braden",OT,IND,72,"6'6""",312 lbs,3/25/96
"Smith, Cam",CB,MIA,24,"6'1""",180 lbs,12/21/00
"Smith, Christopher",S,LV,29,"5'11""",192 lbs,5/1/00
"Smith, D'Ante",OT,CIN,70,"6'5""",309 lbs,6/9/98
"Smith, DeVonta",WR,PHI,6,"6'0""",170 lbs,11/14/98
"Smith, Donovan",OT,KC,79,"6'6""",338 lbs,6/23/93
"Smith, Geno",QB,SEA,7,"6'3""",221 lbs,10/10/90
"Smith, Harrison",S,MIN,22,"6'2""",211 lbs,2/2/89
"Smith, Jonnu",TE,ATL,81,"6'3""",248 lbs,8/22/95
"Smith, Kaden",TE,WAS,45,"6'5""",249 lbs,4/24/97
"Smith, Keith",FB,ATL,40,"6'0""",240 lbs,4/8/92
"Smith, Kion",OT,MIA,71,"6'5""",306 lbs,10/7/98
"Smith, Mazi",DT,DAL,58,"6'3""",337 lbs,6/16/01
"Smith, Nolan",LB,PHI,3,"6'2""",238 lbs,1/18/01
"Smith, Preston",LB,GB,91,"6'5""",265 lbs,11/17/92
"Smith, Roquan",LB,BAL,0,"6'1""",236 lbs,4/8/97
"Smith, Terell",DB,CHI,32,"6'0""",207 lbs,7/27/99
"Smith, Tremon",CB,DEN,1,"6'0""",190 lbs,7/20/96
"Smith, Tre'quan",WR,NO,10,"6'2""",210 lbs,1/7/96
"Smith, Trey",OL,KC,65,"6'6""",321 lbs,6/16/99
"Smith, Tyler",OL,DAL,73,"6'6""",332 lbs,4/3/01
"Smith, Tyreke",LB,SEA,92,"6'3""",255 lbs,2/14/00
"Smith, Tyron",OT,DAL,77,"6'5""",320 lbs,12/12/90
"Smith, Za'Darius",DE,CLE,99,"6'4""",270 lbs,9/8/92
"Smith Jr., Irv",TE,CIN,81,"6'2""",240 lbs,8/9/98
"Smith-Marsette, Ihmir",WR,CAR,11,"6'1""",185 lbs,8/29/99
"Smith-Njigba, Jaxon",WR,SEA,11,"6'0""",197 lbs,2/14/02
"Smith-Schuster, JuJu",WR,NE,7,"6'1""",215 lbs,11/22/96
"Smith-Williams, James",DE,WAS,96,"6'4""",265 lbs,7/29/97
"Smoot, Dawuane",LB,JAC,91,"6'3""",275 lbs,3/2/95
"Smythe, Durham",TE,MIA,81,"6'6""",246 lbs,9/8/95
"Sneed, L'Jarius",CB,KC,38,"6'1""",192 lbs,1/21/97
"Sorsdal, Colby",OL,DET,75,"6'6""",315 lbs,3/1/00
"Sow, Sidy",OL,NE,62,"6'5""",318 lbs,6/8/98
"Spears, Tyjae",RB,TEN,32,"5'10""",200 lbs,6/15/01
"Spector, Baylon",LB,BUF,54,"6'0""",233 lbs,10/20/98
"Speed, Ameer",DB,NE,28,"6'3""",215 lbs,10/13/99
"Speed, E.J.",LB,IND,45,"6'4""",227 lbs,6/1/95
"Spillane, Robert",LB,LV,41,"6'1""",229 lbs,12/14/95
"Spiller, Isaiah",RB,LAC,28,"6'1""",215 lbs,8/9/01
"St. Brown, Amon-Ra",WR,DET,14,"6'0""",202 lbs,10/24/99
"St. Brown, Equanimeous",WR,CHI,19,"6'5""",214 lbs,9/30/96
"Stafford, Matthew",QB,LAR,9,"6'3""",220 lbs,2/7/88
"Stanley, Ronnie",OT,BAL,79,"6'6""",315 lbs,3/18/94
"Steele, Terence",OT,DAL,78,"6'6""",310 lbs,6/4/97
"Steen, Tyler",OL,PHI,56,"6'6""",321 lbs,6/24/00
"Stephens, Brandon",DB,BAL,21,"6'1""",215 lbs,12/29/97
"Stephens Jr., John",WR,DAL,49,"6'5""",221 lbs,9/23/99
"Sterns, Caden",S,DEN,30,"6'1""",207 lbs,11/2/99
"Stevenson, Rhamondre",RB,NE,38,"6'0""",227 lbs,2/23/98
"Stevenson, Tyrique",DB,CHI,29,"6'0""",204 lbs,5/26/00
"Stewart, Grover",DT,IND,90,"6'4""",314 lbs,10/20/93
"Stewart, M.J.",S,HOU,29,"5'11""",200 lbs,9/16/95
"Stick, Easton",QB,LAC,2,"6'1""",224 lbs,9/15/95
"Stidham, Jarrett",QB,DEN,4,"6'3""",215 lbs,8/8/96
"Stills, Dante",DT,ARI,55,"6'4""",286 lbs,12/14/99
"Stingley Jr., Derek",CB,HOU,24,"6'0""",190 lbs,6/20/01
"Stinnie, Aaron",G,TB,64,"6'3""",312 lbs,2/18/94
"St-Juste, Benjamin",CB,WAS,25,"6'3""",200 lbs,9/8/97
"Stokes, Eric",CB,GB,21,"6'0""",194 lbs,3/1/99
"Stoll, Chris",LS,SEA,41,"6'2""",255 lbs,8/3/98
"Stoll, Jack",TE,PHI,89,"6'4""",247 lbs,1/28/98
"Stone, Geno",S,BAL,26,"5'11""",210 lbs,4/19/99
"Stonehouse, Ryan",P,TEN,4,"5'10""",193 lbs,5/11/99
"Stout, Jordan",P,BAL,11,"6'3""",207 lbs,8/4/98
"Strange, Brenton",TE,JAC,85,"6'3""",247 lbs,12/27/00
"Strange, Cole",OL,NE,69,"6'5""",310 lbs,7/31/98
"Street, Kentavius",DL,PHI,97,"6'2""",287 lbs,5/8/96
"Strnad, Justin",LB,DEN,40,"6'3""",235 lbs,8/21/96
"Stroman Jr., Greg",DB,CHI,27,"5'11""",180 lbs,3/8/96
"Stromberg, Ricky",C,WAS,53,"6'4""",313 lbs,11/10/00
"Strong, Kevin",DL,ARI,92,"6'4""",295 lbs,8/5/96
"Strong Jr., Pierre",RB,CLE,20,"5'11""",215 lbs,12/10/98
"Stroud, C.J.",QB,HOU,7,"6'3""",218 lbs,10/3/01
"Stuard, Grant",LB,IND,41,"5'11""",230 lbs,10/15/98
"Sudfeld, Nate",QB,DET,10,"6'6""",230 lbs,10/7/93
"Sullivan, Chandon",CB,PIT,34,"5'11""",189 lbs,8/7/96
"Sullivan, Stephen",TE,CAR,84,"6'5""",245 lbs,11/28/96
"Surratt, Chazz",LB,NYJ,55,"6'2""",233 lbs,2/16/97
"Surtain II, Pat",CB,DEN,2,"6'2""",202 lbs,4/14/00
"Sutton, Cameron",CB,DET,1,"5'11""",180 lbs,2/27/95
"Sutton, Courtland",WR,DEN,14,"6'4""",216 lbs,10/10/95
"Swaim, Geoff",TE,ARI,87,"6'4""",260 lbs,9/16/93
"Sweat, Josh",DE,PHI,94,"6'5""",265 lbs,3/29/97
"Sweat, Montez",DE,WAS,90,"6'6""",262 lbs,9/4/96
"Sweeney, Tommy",TE,NYG,89,"6'4""",251 lbs,7/1/95
"Swift, D'Andre",RB,PHI,0,"5'9""",215 lbs,1/14/99
"Tagovailoa, Tua",QB,MIA,1,"6'1""",227 lbs,3/2/98
"Takitaki, Sione",LB,CLE,44,"6'1""",238 lbs,6/8/95
"Tannehill, Ryan",QB,TEN,17,"6'4""",217 lbs,7/27/88
"Tart, Teair",DT,TEN,93,"6'2""",304 lbs,2/28/97
"Tavai, Jahlani",LB,NE,48,"6'2""",255 lbs,9/28/96
"Taylor, Alontae",CB,NO,1,"6'1""",199 lbs,12/3/98
"Taylor, Darrell",LB,SEA,52,"6'4""",267 lbs,3/24/97
"Taylor, Ja'Sir",DB,LAC,36,"5'10""",185 lbs,1/8/99
"Taylor, Jawaan",OT,KC,74,"6'5""",330 lbs,11/25/97
"Taylor, Jonathan",RB,IND,28,"5'10""",226 lbs,1/19/99
"Taylor, Trent",WR,CHI,15,"5'8""",178 lbs,4/30/94
"Taylor, Tyrod",QB,NYG,2,"6'1""",217 lbs,8/3/89
"Taylor II, Jason",DB,LAR,25,"6'0""",204 lbs,12/30/99
"Taylor-Britt, Cam",CB,CIN,29,"5'11""",202 lbs,10/15/99
"Teamer, Roderic",S,LV,33,"6'0""",205 lbs,5/12/97
"Tell III, Marvell",CB,CIN,39,"6'2""",198 lbs,8/2/96
"Teller, Wyatt",G,CLE,77,"6'4""",315 lbs,11/21/94
"Tenuta, Luke",OT,GB,78,"6'8""",314 lbs,9/1/99
"Terrell, A.J.",CB,ATL,24,"6'1""",195 lbs,9/23/98
"Thibodeaux, Kayvon",LB,NYG,5,"6'5""",258 lbs,12/15/00
"Thielen, Adam",WR,CAR,19,"6'2""",195 lbs,8/22/90
"Thomas, Ambry",CB,SF,20,"6'0""",190 lbs,9/9/99
"Thomas, Andrew",OT,NYG,78,"6'5""",315 lbs,1/22/99
"Thomas, Cameron",LB,ARI,97,"6'4""",267 lbs,7/1/00
"Thomas, Daniel",S,JAC,20,"5'10""",215 lbs,7/1/98
"Thomas, Drake",LB,SEA,42,"5'11""",228 lbs,2/25/00
"Thomas, Ian",TE,CAR,80,"6'4""",260 lbs,6/6/96
"Thomas, Juanyeh",S,DAL,30,"6'3""",217 lbs,6/24/00
"Thomas, Logan",TE,WAS,82,"6'6""",250 lbs,7/1/91
"Thomas, Michael",WR,NO,13,"6'3""",212 lbs,3/3/93
"Thomas, Solomon",DL,NYJ,94,"6'2""",256 lbs,8/26/95
"Thomas, Tavierre",CB,HOU,4,"5'10""",205 lbs,3/11/96
"Thomas, Zachary",OL,LAR,57,"6'5""",300 lbs,5/26/98
"Thomas II, Rodney",S,IND,25,"6'1""",196 lbs,6/26/98
"Thomas V, Starling",CB,ARI,24,"5'10""",194 lbs,1/25/00
"Thompkins, Deven",WR,TB,83,"5'8""",155 lbs,12/23/99
"Thompson, BJ",DE,KC,53,"6'6""",243 lbs,3/23/99
"Thompson, Cody",WR,SEA,13,"6'2""",205 lbs,1/11/96
"Thompson, Jalen",S,ARI,34,"5'11""",190 lbs,7/18/98
"Thompson, NaJee",CB,MIN,11,"5'11""",205 lbs,7/7/00
"Thompson, Shaq",LB,CAR,7,"6'0""",230 lbs,4/21/94
"Thompson, Skylar",QB,MIA,6,"6'2""",219 lbs,6/4/97
"Thompson-Robinson, Dorian",QB,CLE,17,"6'2""",203 lbs,11/14/99
"Thornhill, Juan",S,CLE,1,"6'0""",205 lbs,10/19/95
"Thornton, Tyquan",WR,NE,11,"6'2""",185 lbs,8/7/00
"Throckmorton, Calvin",G,CAR,76,"6'5""",311 lbs,8/16/96
"Thuney, Joe",OL,KC,62,"6'5""",304 lbs,11/18/92
"Thurman, Nick",DE,CAR,91,"6'4""",305 lbs,6/12/95
"Tillery, Jerry",DT,LV,90,"6'6""",295 lbs,10/8/96
"Tillman, Cedric",WR,CLE,19,"6'3""",215 lbs,4/19/00
"Tindall, Channing",LB,MIA,41,"6'2""",236 lbs,3/28/00
"Tinsley, Mitchell",WR,WAS,86,"6'1""",205 lbs,9/15/99
"Tippmann, Joe",C,NYJ,66,"6'6""",317 lbs,3/24/01
"Tolbert, Jalen",WR,DAL,18,"6'1""",195 lbs,2/27/99
"Tom, Zach",OL,GB,50,"6'4""",304 lbs,3/26/99
"Tomlinson, Dalvin",DT,CLE,94,"6'3""",325 lbs,2/28/94
"Tomlinson, Laken",G,NYJ,78,"6'3""",323 lbs,2/9/92
"Tomlinson, Tre'vius",DB,LAR,6,"5'9""",180 lbs,1/10/01
"Toney, Kadarius",WR,KC,19,"6'0""",193 lbs,1/27/99
"Tonga, Khyiris",DL,MIN,95,"6'4""",338 lbs,7/7/96
"Tonyan, Robert",TE,CHI,18,"6'5""",240 lbs,4/30/94
"Toohill, Casey",DE,WAS,95,"6'5""",254 lbs,8/21/96
"To'oto'o, Henry",LB,HOU,39,"6'2""",228 lbs,1/5/01
"Torrence, O'Cyrus",G,BUF,64,"6'5""",347 lbs,1/20/00
"Toure, Samori",WR,GB,83,"6'1""",191 lbs,3/24/98
"Townsend, Tommy",P,KC,5,"6'1""",191 lbs,11/12/96
"Tranquill, Drue",LB,KC,23,"6'2""",234 lbs,8/15/95
"Trask, Kyle",QB,TB,2,"6'5""",236 lbs,3/6/98
"Trautman, Adam",TE,DEN,82,"6'5""",253 lbs,2/5/97
"Tremble, Tommy",TE,CAR,82,"6'4""",250 lbs,6/2/00
"Trice, Cory",DB,PIT,27,"6'3""",206 lbs,5/30/00
"Triner, Zach",LS,TB,97,"6'3""",245 lbs,1/30/91
"Trubisky, Mitch",QB,PIT,10,"6'2""",220 lbs,8/20/94
"Tryon-Shoyinka, Joe",LB,TB,9,"6'5""",259 lbs,4/30/99
"Tucker, Justin",K,BAL,9,"6'1""",188 lbs,11/21/89
"Tucker, Sean",RB,TB,44,"5'10""",210 lbs,10/25/01
"Tucker, Tre",WR,LV,11,"5'9""",185 lbs,3/8/01
"Tufele, Jay",DT,CIN,97,"6'3""",305 lbs,7/25/99
"Tuipulotu, Marlon",DT,PHI,95,"6'2""",307 lbs,5/31/99
"Tuipulotu, Tuli",LB,LAC,45,"6'3""",266 lbs,9/3/02
"Tune, Clayton",QB,ARI,15,"6'3""",220 lbs,3/23/99
"Tunsil, Laremy",OT,HOU,78,"6'5""",313 lbs,8/2/94
"Tupou, Josh",DT,CIN,68,"6'3""",340 lbs,5/2/94
"Turner, Billy",OT,NYJ,54,"6'5""",313 lbs,10/17/91
"Turner, Cole",TE,WAS,85,"6'6""",240 lbs,3/16/00
"Turner, Ezekiel",LB,ARI,47,"6'2""",214 lbs,6/9/96
"Turner, Kobie",NT,LAR,91,"6'2""",288 lbs,4/26/99
"Turner, Payton",DE,NO,98,"6'6""",270 lbs,1/7/99
"Turner, Trai",G,NO,59,"6'3""",320 lbs,6/14/93
"Turner II, DJ",CB,CIN,20,"5'11""",180 lbs,11/9/00
"Turner-Yell, Delarrin",S,DEN,32,"5'11""",200 lbs,12/16/99
"Turpin, KaVontae",WR,DAL,9,"5'9""",153 lbs,8/2/96
"Tuttle, Shy",DT,CAR,99,"6'3""",300 lbs,10/20/95
"Uche, Josh",LB,NE,55,"6'3""",240 lbs,9/18/98
"Udoh, Olisaemeka",G,MIN,74,"6'6""",320 lbs,2/14/97
"Urban, Brent",DE,BAL,97,"6'7""",309 lbs,5/5/91
"Uwazurike, Eyioma",DL,DEN,96,"6'6""",320 lbs,5/6/98
"Uzodinma II, Amechi",CB,LAC,35,"5'11""",189 lbs,6/1/00
"Uzomah, C.J.",TE,NYJ,87,"6'5""",271 lbs,1/14/93
"Vaitai, Halapoulivaati",G,DET,72,"6'6""",322 lbs,6/16/93
"Valdes-Scantling, Marquez",WR,KC,11,"6'4""",206 lbs,10/10/94
"Valentine, Carrington",CB,GB,37,"6'0""",189 lbs,9/9/01
"Van Demark, Ryan",OT,BUF,74,"6'6""",307 lbs,3/22/98
"Van Ginkel, Andrew",LB,MIA,43,"6'4""",242 lbs,7/1/95
"Van Lanen, Cole",OL,JAC,70,"6'4""",312 lbs,4/23/98
"Van Ness, Lukas",LB,GB,90,"6'5""",272 lbs,7/6/01
"Van Roten, Greg",G,LV,70,"6'3""",305 lbs,2/26/90
"Vandenburgh, Zeke",LB,MIA,57,"6'4""",232 lbs,1/18/99
"Vander Esch, Leighton",LB,DAL,55,"6'4""",256 lbs,2/8/96
"VanValkenburg, Zach",LB,LAR,51,"6'4""",263 lbs,2/17/98
"Vaughn, Deuce",RB,DAL,42,"5'6""",176 lbs,11/2/01
"Vaughn, Ke'Shawn",RB,TB,21,"5'10""",214 lbs,5/4/97
"Vea, Vita",DL,TB,50,"6'4""",347 lbs,2/5/95
"Vera-Tucker, Alijah",G,NYJ,75,"6'5""",308 lbs,6/17/99
"Vildor, Kindle",DB,TEN,20,"5'11""",189 lbs,12/11/97
"Virgil, Jalen",WR,DEN,15,"6'1""",210 lbs,7/13/98
"Volson, Cordell",G,CIN,67,"6'6""",315 lbs,7/20/98
"Vorhees, Andrew",OL,BAL,72,"6'6""",310 lbs,1/21/99
"Waddle, Jaylen",WR,MIA,17,"5'10""",185 lbs,11/25/98
"Wade, Shaun",CB,NE,26,"6'1""",195 lbs,9/15/98
"Wagner, Bobby",LB,SEA,54,"6'0""",242 lbs,6/27/90
"Wagner, Dalton",T,LV,78,"6'8""",320 lbs,10/5/98
"Waletzko, Matt",T,DAL,79,"6'8""",305 lbs,12/15/99
"Walker, DeMarcus",DL,CHI,95,"6'4""",280 lbs,9/30/94
"Walker, Quay",LB,GB,7,"6'4""",241 lbs,5/8/00
"Walker, Rasheed",T,GB,63,"6'6""",324 lbs,2/13/00
"Walker, Travon",LB,JAC,44,"6'5""",272 lbs,12/18/00
"Walker III, Kenneth",RB,SEA,9,"5'9""",211 lbs,10/20/00
"Walker III, Tracy",S,DET,21,"6'1""",206 lbs,2/1/95
"Walker Jr., Anthony",LB,CLE,5,"6'1""",235 lbs,8/8/95
"Wallace, K'Von",S,ARI,22,"5'11""",205 lbs,7/25/97
"Wallace, Levi",CB,PIT,29,"6'0""",179 lbs,6/12/95
"Wallace, Tylan",WR,BAL,16,"5'11""",198 lbs,5/13/99
"Waller, Darren",TE,NYG,12,"6'6""",245 lbs,9/13/92
"Walter, Austin",RB,LV,32,"5'8""",202 lbs,8/17/96
"Walton, Brandon",T,TB,73,"6'5""",300 lbs,3/18/98
"Wanogho, Prince Tega",T,KC,76,"6'5""",308 lbs,11/22/97
"Ward, Alex",LS,LAR,47,"6'4""",240 lbs,4/24/99
"Ward, Charvarius",CB,SF,7,"6'1""",196 lbs,5/16/96
"Ward, Denzel",CB,CLE,21,"5'11""",190 lbs,4/28/97
"Ward, Jay",S,MIN,20,"6'1""",188 lbs,7/13/00
"Ward, Jihad",LB,NYG,55,"6'5""",287 lbs,5/11/94
"Ward, Jimmie",S,HOU,1,"5'11""",195 lbs,7/18/91
"Warner, Fred",LB,SF,54,"6'3""",230 lbs,11/19/96
"Warren, Carter",T,NYJ,67,"6'5""",323 lbs,1/19/99
"Warren, Jaylen",RB,PIT,30,"5'8""",215 lbs,11/1/98
"Washington, Ar'Darius",S,BAL,29,"5'8""",177 lbs,11/2/99
"Washington, Broderick",DT,BAL,96,"6'2""",315 lbs,12/4/96
"Washington, Darnell",TE,PIT,80,"6'7""",264 lbs,8/17/01
"Washington, Parker",WR,JAC,11,"5'10""",212 lbs,3/21/02
"Watkins, Carlos",DT,ARI,94,"6'3""",305 lbs,12/5/93
"Watkins, Quez",WR,PHI,16,"6'0""",193 lbs,6/9/98
"Watson, Christian",WR,GB,9,"6'4""",208 lbs,5/12/99
"Watson, Deshaun",QB,CLE,4,"6'3""",223 lbs,9/14/95
"Watson, Jaylen",CB,KC,35,"6'2""",197 lbs,9/17/98
"Watson, Justin",WR,KC,84,"6'2""",215 lbs,4/4/96
"Watt, T.J.",LB,PIT,90,"6'4""",252 lbs,10/11/94
"Wattenberg, Luke",C,DEN,60,"6'5""",300 lbs,9/10/97
"Watts, Armon",DT,PIT,94,"6'5""",307 lbs,7/22/96
"Watts, Markees",LB,TB,58,"6'1""",240 lbs,12/7/99
"Way, Tress",P,WAS,5,"6'1""",220 lbs,4/18/90
"Weaver, Rashad",LB,TEN,99,"6'4""",259 lbs,11/10/97
"Webb, Sam",CB,CAR,27,"6'2""",195 lbs,5/19/98
"Weeks, Jon",LS,HOU,46,"5'10""",242 lbs,2/17/86
"Wells, David",TE,TB,89,"6'6""",260 lbs,5/2/95
"Werner, Pete",LB,NO,20,"6'3""",242 lbs,6/5/99
"Wesco, Trevon",TE,TEN,88,"6'3""",267 lbs,9/12/95
"Westbrook-Ikhine, Nick",WR,TEN,15,"6'2""",211 lbs,3/21/97
"Wharton, Tershawn",DT,KC,98,"6'1""",280 lbs,6/25/98
"Wheatley Jr., Tyrone",T,NE,72,"6'6""",320 lbs,2/4/97
"Whelan, Daniel",P,GB,19,"6'5""",216 lbs,10/2/99
"White, Devin",LB,TB,45,"6'0""",237 lbs,2/17/98
"White, Keion",DE,NE,99,"6'5""",290 lbs,1/20/99
"White, Kyzir",LB,ARI,7,"6'2""",234 lbs,3/24/96
"White, Mike",QB,MIA,14,"6'5""",216 lbs,3/25/95
"White, Rachaad",RB,TB,1,"6'0""",214 lbs,1/12/99
"White, Tre'Davious",CB,BUF,27,"5'11""",192 lbs,1/16/95
"White, Zamir",RB,LV,35,"6'0""",215 lbs,9/18/99
"Whitehair, Cody",OL,CHI,65,"6'3""",316 lbs,7/11/92
"Whitehead, Jordan",S,NYJ,3,"5'10""",198 lbs,3/18/97
"Whyle, Josh",TE,TEN,81,"6'7""",248 lbs,9/8/99
"Wicks, Dontayvion",WR,GB,13,"6'1""",206 lbs,6/16/01
"Wilcox, Mitchell",TE,CIN,84,"6'4""",250 lbs,11/7/96
"Wilkerson, Kristian",WR,LV,83,"6'1""",214 lbs,1/10/97
"Wilkins, Christian",DT,MIA,94,"6'4""",310 lbs,12/20/95
"Wilkinson, Elijah",OL,ARI,65,"6'6""",314 lbs,2/10/95
"Williams, Avery",RB,ATL,26,"5'9""",195 lbs,7/14/98
"Williams, Connor",OL,MIA,58,"6'5""",312 lbs,5/12/97
"Williams, Damarion",CB,BAL,22,"5'10""",180 lbs,7/15/98
"Williams, Darious",CB,JAC,31,"5'9""",187 lbs,3/15/93
"Williams, DeShawn",DT,CAR,96,"6'1""",295 lbs,12/29/92
"Williams, Dorian",LB,BUF,42,"6'2""",230 lbs,6/28/01
"Williams, Garrett",CB,ARI,21,"5'10""",192 lbs,6/1/01
"Williams, Jamaal",RB,NO,21,"6'0""",224 lbs,4/3/95
"Williams, Jameson",WR,DET,9,"6'1""",180 lbs,3/26/01
"Williams, Javonte",RB,DEN,33,"5'10""",220 lbs,4/25/00
"Williams, Jonah",T,CIN,73,"6'5""",312 lbs,11/17/97
"Williams, Jonah",DE,LAR,92,"6'5""",275 lbs,8/17/95
"Williams, Joshua",CB,KC,2,"6'3""",193 lbs,10/17/99
"Williams, K'Waun",CB,DEN,8,"5'9""",185 lbs,7/12/91
"Williams, Kyren",RB,LAR,23,"5'9""",194 lbs,8/26/00
"Williams, Leonard",DL,NYG,99,"6'5""",302 lbs,6/20/94
"Williams, Marcus",S,BAL,32,"6'1""",207 lbs,9/8/96
"Williams, Mike",WR,LAC,81,"6'4""",218 lbs,10/4/94
"Williams, Milton",DT,PHI,93,"6'3""",290 lbs,4/6/99
"Williams, Nick",DL,LAC,95,"6'4""",310 lbs,2/21/90
"Williams, Quincy",LB,NYJ,56,"5'11""",225 lbs,8/28/96
"Williams, Quinnen",DL,NYJ,95,"6'3""",303 lbs,12/21/97
"Williams, Sam",DE,DAL,54,"6'4""",261 lbs,3/31/99
"Williams, Trayveon",HB,CIN,32,"5'8""",206 lbs,10/18/97
"Williams, Trent",T,SF,71,"6'5""",320 lbs,7/19/88
"Willis, Brayden",TE,SF,9,"6'4""",240 lbs,11/11/99
"Willis, Malik",QB,TEN,7,"6'1""",219 lbs,5/25/99
"Wills Jr., Jedrick",T,CLE,71,"6'4""",307 lbs,5/17/99
"Wilson, Donovan",S,DAL,6,"6'0""",204 lbs,2/21/95
"Wilson, Emanuel",RB,GB,31,"5'11""",226 lbs,5/8/99
"Wilson, Eric",LB,GB,45,"6'1""",230 lbs,9/26/94
"Wilson, Garrett",WR,NYJ,17,"6'0""",192 lbs,7/22/00
"Wilson, Logan",LB,CIN,55,"6'2""",245 lbs,7/8/96
"Wilson, Marco",CB,ARI,20,"6'0""",191 lbs,3/3/99
"Wilson, Michael",WR,ARI,14,"6'2""",213 lbs,2/23/00
"Wilson, Russell",QB,DEN,3,"5'11""",215 lbs,11/29/88
"Wilson, Tyree",DE,LV,9,"6'6""",275 lbs,5/20/00
"Wilson, Zach",QB,NYJ,2,"6'2""",214 lbs,8/3/99
"Wilson Jr., Cedrick",WR,MIA,11,"6'2""",197 lbs,11/20/95
"Wilson Jr., Jeff",RB,MIA,23,"6'0""",210 lbs,11/16/95
"Wilson Sr., Mack",LB,NE,3,"6'1""",246 lbs,2/14/98
"Winchester, James",LS,KC,41,"6'3""",209 lbs,8/6/89
"Winfield Jr., Antoine",S,TB,31,"5'9""",203 lbs,8/16/98
"Wingard, Andrew",S,JAC,42,"6'0""",200 lbs,12/5/96
"Winston, Jameis",QB,NO,2,"6'4""",231 lbs,1/6/94
"Winters, Dee",LB,SF,53,"5'11""",227 lbs,10/17/00
"Wirfs, Tristan",T,TB,78,"6'5""",320 lbs,1/24/99
"Wise Jr., Deatrich",DL,NE,91,"6'6""",280 lbs,7/26/94
"Wishnowsky, Mitch",P,SF,18,"6'2""",220 lbs,3/2/92
"Witherspoon, Ahkello",DB,LAR,44,"6'2""",195 lbs,3/21/95
"Witherspoon, Devon",CB,SEA,21,"6'0""",185 lbs,12/11/00
"Witt, Jake",T,IND,76,"6'7""",302 lbs,2/7/00
"Woerner, Charlie",TE,SF,89,"6'5""",241 lbs,10/16/97
"Womack III, Samuel",CB,SF,0,"5'10""",189 lbs,7/7/99
"Wonnum, D.J.",LB,MIN,98,"6'5""",258 lbs,10/31/97
"Wood, Zach",LS,NO,49,"6'3""",255 lbs,1/10/93
"Wooden, Colby",DL,GB,96,"6'4""",273 lbs,12/21/00
"Woods, Al",DL,NYJ,96,"6'4""",309 lbs,3/25/87
"Woods, Jelani",TE,IND,80,"6'7""",253 lbs,10/9/98
"Woods, Josh",LB,ARI,10,"6'1""",230 lbs,7/1/96
"Woods, JT",S,LAC,22,"6'2""",193 lbs,6/10/00
"Woods, Robert",WR,HOU,2,"6'0""",195 lbs,4/10/92
"Woods, Xavier",S,CAR,25,"5'11""",200 lbs,7/26/95
"Woods II, Michael",WR,CLE,12,"6'1""",204 lbs,3/19/00
"Woodside, Logan",QB,ATL,11,"6'2""",201 lbs,1/27/95
"Woolen, Tariq",CB,SEA,27,"6'4""",210 lbs,5/2/99
"Wooten, Chandler",LB,CAR,57,"6'3""",230 lbs,4/25/99
"Worley, Daryl",CB,BAL,41,"6'1""",210 lbs,2/22/95
"Wren, Renell",DT,PIT,79,"6'5""",315 lbs,10/23/95
"Wright, Alex",DE,CLE,91,"6'5""",267 lbs,9/5/00
"Wright, Brock",TE,DET,89,"6'5""",250 lbs,11/26/98
"Wright, Darnell",OL,CHI,58,"6'6""",333 lbs,8/10/01
"Wright, Nahshon",CB,DAL,25,"6'4""",185 lbs,9/23/98
"Wright, Ryan",P,MIN,14,"6'3""",245 lbs,6/1/00
"Wyatt, Devonte",DL,GB,95,"6'3""",304 lbs,3/31/98
"Wylie, Andrew",G,WAS,71,"6'6""",309 lbs,8/19/94
"Wynn, Isaiah",T,MIA,77,"6'2""",310 lbs,12/9/95
"Wypler, Luke",C,CLE,56,"6'3""",303 lbs,5/3/01
"Ya-Sin, Rock",CB,BAL,23,"5'11""",195 lbs,5/23/96
"Yeast, Russ",DB,LAR,2,"5'10""",195 lbs,5/8/99
"Yeboah, Kenny",TE,NYJ,88,"6'3""",250 lbs,10/30/98
"Yiadom, Isaac",CB,NO,27,"6'1""",188 lbs,2/20/96
"Young, Bryce",QB,CAR,9,"5'10""",204 lbs,7/25/01
"Young, Byron",LB,LAR,0,"6'2""",250 lbs,3/13/98
"Young, Byron",DT,LV,93,"6'3""",292 lbs,11/10/00
"Young, Cameron",DT,SEA,93,"6'3""",304 lbs,6/8/00
"Young, Chase",DE,WAS,99,"6'5""",264 lbs,4/14/99
"Young, Dareke",WR,SEA,83,"6'2""",224 lbs,6/4/99
"Young, Landon",OT,NO,67,"6'7""",321 lbs,8/21/97
"Zaccheaus, Olamide",WR,PHI,13,"5'8""",193 lbs,7/23/97
"Zakelj, Nick",OL,SF,63,"6'6""",316 lbs,6/22/99
"Zappe, Bailey",QB,NE,4,"6'1""",215 lbs,4/26/99
"Zavala, Chandler",G,CAR,62,"6'3""",322 lbs,4/2/99
"Zeitler, Kevin",G,BAL,70,"6'4""",340 lbs,3/8/90
"Zentner, Ty",P,HOU,16,"6'2""",199 lbs,6/7/98
"Zierer, Kilian",OT,HOU,60,"6'7""",312 lbs,2/24/98
"Zuerlein, Greg",K,NYJ,9,"6'0""",187 lbs,12/27/87
"Zylstra, Shane",TE,DET,84,"6'4""",240 lbs,11/16/96